,Rating,Location,Rating_Submit_Dt
0,1,Mn,5 days ago
1,5,"Ukiah, CA",5 days ago
2,4,"Windermere, FL",5 days ago
3,5,"Tampa, FL",6 days ago
4,2,east coast,8 days ago
5,5,"Clinton Twp, MI",12 days ago
6,5,"Saint Peters, MO",13 days ago
7,5,Michigan,14 days ago
8,1,Columbus,15 days ago
9,5,New Jersey,16 days ago
10,1,Mn,5 days ago
11,5,"Ukiah, CA",5 days ago
12,4,"Windermere, FL",5 days ago
13,5,"Tampa, FL",6 days ago
14,2,east coast,8 days ago
15,5,"Clinton Twp, MI",12 days ago
16,5,"Saint Peters, MO",13 days ago
17,5,Michigan,14 days ago
18,1,Columbus,15 days ago
19,5,New Jersey,16 days ago
20,5,"Queens Vlg, NY",1 month ago
21,3,"Wichita , KS",1 month ago
22,5,"New Prague, MN",1 month ago
23,1,"Marietta, GA",1 month ago
24,5,"Herkimer, NY",1 month ago
25,5,"Dallas, Tx",1 month ago
26,4,"Orlando, FL",1 month ago
27,2,"Los Angeles, CA",1 month ago
28,5,Dekalb,1 month ago
29,5,"Cleveland, OH",1 month ago
30,3,"Highland Mls, NY",1 month ago
31,5,Utah,1 month ago
32,5,Eastvale,1 month ago
33,5,Miami,1 month ago
34,5,"Albany, NY",1 month ago
35,3,St. Paul,1 month ago
36,1,USA,2 months ago
37,4,glastonbury,2 months ago
38,5,"Colbert, GA",2 months ago
39,5,"Merrimac, MA",2 months ago
40,5,"Evans, GA",2 months ago
41,5,"Eastvale,CA",2 months ago
42,5,"Lancaster, CA",2 months ago
43,5,Richfield,2 months ago
44,4,"Naples, FL",2 months ago
45,5,Los Angeles,2 months ago
46,1,"Westport, CT",2 months ago
47,3,Ohio,2 months ago
48,5,"West Bend, WI",2 months ago
49,5,"Brooklyn, NY",2 months ago
50,5,"Lansing, MI",2 months ago
51,5,"Denver, CO",2 months ago
52,5,"Seattle, WA",2 months ago
53,2,Oregon,2 months ago
54,3,capecoral,2 months ago
55,5,"Topeka, KS",2 months ago
56,5,"Pensacola, FL",2 months ago
57,5,NewYork,2 months ago
58,1,USA,2 months ago
59,5,"Austin, TX",2 months ago
60,5,Michigan,2 months ago
61,5,virginia,2 months ago
62,3,"Rincon, GA",2 months ago
63,5,"Austin, TX",2 months ago
64,4,United States,2 months ago
65,4,"Orlando, FL",2 months ago
66,3,"Mt Pleasant, SC",2 months ago
67,2,"Myrtle Beach, SC",2 months ago
68,5,United States,2 months ago
69,5,Fort Myers Florida,2 months ago
70,5,Michigan,2 months ago
71,5,virginia,2 months ago
72,3,"Rincon, GA",2 months ago
73,5,"Austin, TX",2 months ago
74,4,United States,2 months ago
75,4,"Orlando, FL",2 months ago
76,3,"Mt Pleasant, SC",2 months ago
77,2,"Myrtle Beach, SC",2 months ago
78,5,United States,2 months ago
79,5,Fort Myers Florida,2 months ago
80,5,"Corning, NY",3 months ago
81,5,"San Rafael, CA",3 months ago
82,5,"Melrose, MA",3 months ago
83,5,"Easton, PA",3 months ago
84,5,"Opa Locka, FL",3 months ago
85,5,"Felton, CA",3 months ago
86,2,Minneapolis,3 months ago
87,1,Las Vegas,3 months ago
88,4,"Carmel, NY",3 months ago
89,5,Elverta,3 months ago
90,5,"Hartland, MI",3 months ago
91,5,"Washington, DC",3 months ago
92,1,"Livonia, Mi",3 months ago
93,5,Florida,3 months ago
94,5,Maryland,3 months ago
95,1,"Grand Rapids, MI",3 months ago
96,5,New York,3 months ago
97,5,United States,3 months ago
98,5,"Richmond Hill, ON",3 months ago
99,5,Virginia,3 months ago
100,5,"Lewiston, ME",3 months ago
101,5,"Emporia, KS",3 months ago
102,3,WA,3 months ago
103,5,"Enterprise, AL",3 months ago
104,3,lahmansville,3 months ago
105,5,"Stafford, TX",4 months ago
106,5,"Bradenton, FL",4 months ago
107,5,"Seattle, WA",4 months ago
108,5,"Odebolt, IA",4 months ago
109,5,South Florida,4 months ago
110,5,United States,4 months ago
111,5,Rancho Cucamonga,4 months ago
112,3,NewYork,4 months ago
113,5,United States,4 months ago
114,5,"Lynn Haven, FL",4 months ago
115,5,United States,4 months ago
116,5,Los Angeles,4 months ago
117,5,United States,4 months ago
118,2,"Plano, TX",4 months ago
119,5,Rockville,4 months ago
120,5,Tampa Florida,4 months ago
121,5,NY,4 months ago
122,4,SI,4 months ago
123,4,United States,4 months ago
124,5,"Orlando, FL",4 months ago
125,5,United States,4 months ago
126,5,Frankfort KENTUCKY,4 months ago
127,2,Peoria,4 months ago
128,5,DC,4 months ago
129,4,United States,4 months ago
130,5,Nj,4 months ago
131,1,Scandinavia,4 months ago
132,5,nyc,4 months ago
133,5,"Fall River, MA",4 months ago
134,5,Cary,4 months ago
135,5,Hernando,4 months ago
136,5,"Chicago, IL",4 months ago
137,5,"Rockville, MD",4 months ago
138,5,Miami,4 months ago
139,5,"Dorchestr Ctr, MA",4 months ago
140,5,"Flushing, NY",4 months ago
141,3,"Monmouth, OR",5 months ago
142,5,"Minotola, NJ",5 months ago
143,5,minneapolis,5 months ago
144,3,"Croydon, PA",5 months ago
145,3,NY,5 months ago
146,5,"Philadelphia, PA",5 months ago
147,4,Monroe,5 months ago
148,5,"Seattle, WA",5 months ago
149,5,"Catonsville, MD",5 months ago
150,5,Bronx,5 months ago
151,2,"Carmel, NY",5 months ago
152,5,Norway,5 months ago
153,1,FL,5 months ago
154,1,Missouri,5 months ago
155,5,"Trenton, NJ",5 months ago
156,5,New Jersey,5 months ago
157,4,"Brooklyn, NY",5 months ago
158,4,"Corona, NY",5 months ago
159,5,"Fulton, MS",5 months ago
160,5,"Monroe, MI",5 months ago
161,5,United States,5 months ago
162,4,"Walnut Creek, CA",5 months ago
163,2,"Valencia, CA",5 months ago
164,2,"Los Angeles, CA",5 months ago
165,5,United States,5 months ago
166,3,"Sun Valley, CA",5 months ago
167,5,United States,5 months ago
168,5,"New York, NY",5 months ago
169,5,"Charlottesvle, VA",5 months ago
170,5,"Phoenix, AZ",5 months ago
171,5,"Salt Lake Cty, UT",5 months ago
172,5,"Austin, TX",5 months ago
173,2,houston,5 months ago
174,2,United States,5 months ago
175,5,United States,5 months ago
176,5,"Columbus, OH",6 months ago
177,3,"Penn yan, NY",6 months ago
178,5,"Carmel, IN",6 months ago
179,5,newjersey,6 months ago
180,5,"Miami, FL",6 months ago
181,1,detroit,6 months ago
182,5,"Pikeville, KY",6 months ago
183,1,Ohio,6 months ago
184,4,Boston,6 months ago
185,5,Tulsa,6 months ago
186,5,United States,6 months ago
187,5,"Yakima, WA",6 months ago
188,5,Detroit,6 months ago
189,4,"Chicago, IL",6 months ago
190,1,Harrisburg Pa,6 months ago
191,4,San Marcos Texas,6 months ago
192,4,"Austin, TX",6 months ago
193,3,Brooklyn,6 months ago
194,1,Pennsylvania,6 months ago
195,5,"Newton, IL",6 months ago
196,5,WASHINGTON,6 months ago
197,1,Ohio,6 months ago
198,5,"Watertown, SD",6 months ago
199,1,Missouri,6 months ago
200,5,"Patterson, CA",6 months ago
201,5,Upstate ny,6 months ago
202,4,"Bronx, NY",6 months ago
203,5,United States,6 months ago
204,5,Marietta,6 months ago
205,5,"Irvine, CA",6 months ago
206,5,"Tampa, Fl",6 months ago
207,5,"Triadelphia, WV",6 months ago
208,4,United States,6 months ago
209,5,"Newark, OH",6 months ago
210,5,"Colorado Spgs, CO",6 months ago
211,5,"Brownsville, TX",6 months ago
212,5,"Northridge, CA",6 months ago
213,1,Wisconsin,6 months ago
214,1,Mississippi,6 months ago
215,5,Norwalk,7 months ago
216,5,USA,7 months ago
217,5,"Maumee, OH",7 months ago
218,5,Denver,7 months ago
219,5,"Las Vegas, NV",7 months ago
220,5,"West Chester, PA",7 months ago
221,5,"Las Vegas, NV",7 months ago
222,5,"Fenton, MO",7 months ago
223,5,"University Ht, OH",7 months ago
224,5,Yoder,7 months ago
225,1,Louisiana,7 months ago
226,5,"Westerville, OH",7 months ago
227,4,"Peoria, IL",7 months ago
228,4,"Washington, DC",7 months ago
229,5,"Gilbert, AZ",7 months ago
230,5,USA,7 months ago
231,5,Milwaukee,7 months ago
232,5,Chandler,7 months ago
233,5,"San Francisco, CA",7 months ago
234,3,USA,7 months ago
235,5,Atlanta,7 months ago
236,4,"East Moline, IL",7 months ago
237,5,"Bethlehem, PA",7 months ago
238,1,Berlin,7 months ago
239,5,Ann Arbor,7 months ago
240,5,USA,7 months ago
241,4,PNW,7 months ago
242,1,USA,7 months ago
243,3,LA,7 months ago
244,5,USA,7 months ago
245,5,Boca Raton,7 months ago
246,4,"Lansdowne, PA",7 months ago
247,5,"Halifax, NS",7 months ago
248,5,Texas,7 months ago
249,5,RUTHERFORD,7 months ago
250,3,Newburgh,7 months ago
251,5,New York,7 months ago
252,5,"Cleveland Hts, OH",8 months ago
253,5,"Denver, CO",8 months ago
254,5,"Bronx , NY",8 months ago
255,4,"San Jose, CA",8 months ago
256,5,"Satellite Bch, FL",8 months ago
257,5,"Garland, TX",8 months ago
258,5,"Arcata, CA",8 months ago
259,5,USA,8 months ago
260,2,"Warrenton, VA",8 months ago
261,3,USA,8 months ago
262,5,Oklahoma,8 months ago
263,5,Boston,8 months ago
264,1,Charleston,8 months ago
265,1,Georgia,8 months ago
266,5,"Miami, FL",8 months ago
267,1,San Diego,8 months ago
268,1,Ohio,8 months ago
269,4,Brooklyn,8 months ago
270,1,VC County,8 months ago
271,5,"Coralville, IA",8 months ago
272,5,johnscreek,8 months ago
273,1,"San Diego, CA",8 months ago
274,4,C,8 months ago
275,3,"Branson, MO",8 months ago
276,5,"New York, NY",8 months ago
277,5,"Memphis, TN",8 months ago
278,5,"Brooklyn, NY",8 months ago
279,4,"Philadelphia, PA",8 months ago
280,5,"Billerica, MA",8 months ago
281,5,Houston,8 months ago
282,2,"Citrus Hts, CA",8 months ago
283,5,"Los Angeles, CA",8 months ago
284,5,"Uniontown, PA",8 months ago
285,5,"Irvine, CA",8 months ago
286,5,Adelphia,9 months ago
287,5,"Corona, CA",9 months ago
288,5,"Everett, WA",9 months ago
289,3,NY,9 months ago
290,5,"Temecula, CA",9 months ago
291,4,"Philadelphia, PA",9 months ago
292,4,Milwaukee,9 months ago
293,5,"New York, NY",9 months ago
294,1,California,9 months ago
295,5,miami,9 months ago
296,3,USA,9 months ago
297,3,North Carolina,9 months ago
298,3,"San Jose, CA",9 months ago
299,5,"Castleberry, AL",9 months ago
300,5,Jurupa Valley,9 months ago
301,4,Missouri,9 months ago
302,5,USA,9 months ago
303,5,"Violet, LA",9 months ago
304,4,"Janesville, WI",9 months ago
305,5,"Hammond, IN",9 months ago
306,5,Denver,9 months ago
307,5,spokane,9 months ago
308,5,"Portland, OR",9 months ago
309,1,Delaware,9 months ago
310,5,"Georgetown, GA",9 months ago
311,5,"Plano, TX",9 months ago
312,1,"Orlando, FL",9 months ago
313,5,New York,9 months ago
314,5,Indianapolis,9 months ago
315,5,"Washington, DC",9 months ago
316,1,"Pasadena, CA",9 months ago
317,4,"San Clemente, CA",9 months ago
318,5,"Millbury, MA",9 months ago
319,5,east coast,10 months ago
320,5,Biloxi,10 months ago
321,5,"Los Angeles, CA",10 months ago
322,5,"Cleveland , OH",10 months ago
323,5,Maine,10 months ago
324,5,"Orlando, FL",10 months ago
325,5,Ohio,10 months ago
326,5,USA,10 months ago
327,5,none,10 months ago
328,3,"Lebanon, MO",10 months ago
329,5,Florida,10 months ago
330,5,Missouri,10 months ago
331,5,"Las Vegas, NV",10 months ago
332,5,USA,10 months ago
333,5,Delray Beach,10 months ago
334,5,"Tulsa, OK",10 months ago
335,5,Boston,10 months ago
336,4,"Walnut Creek, CA",10 months ago
337,4,hinesville,10 months ago
338,5,"Wesley Chapel, FL",10 months ago
339,4,Hamburg,10 months ago
340,5,Chicago,10 months ago
341,2,"Lake Orion, MI",10 months ago
342,3,New Jersey,10 months ago
343,5,New York,10 months ago
344,4,Auburn,10 months ago
345,5,"St. Louis, MO",10 months ago
346,5,California,10 months ago
347,5,"Bedford, TX",10 months ago
348,5,Frederick,10 months ago
349,4,USA,10 months ago
350,4,"Bowie, MD",10 months ago
351,4,"Topton, PA",10 months ago
352,5,howell,10 months ago
353,3,"Burbank, CA",10 months ago
354,5,"Chicago, IL",10 months ago
355,5,"Bristol, VA",10 months ago
356,5,"Sycamore, IL",10 months ago
357,5,Lebanon,10 months ago
358,5,"Navarre, FL",10 months ago
359,5,"Redwood City, CA",11 months ago
360,5,"E Providence, RI",11 months ago
361,5,"Sheridan, AR",11 months ago
362,5,"New London, OH",11 months ago
363,4,"Fishers, IN",11 months ago
364,4,BayArea,11 months ago
365,5,"Austin, TX",11 months ago
366,4,"Missoula, MT",11 months ago
367,5,NC,11 months ago
368,5,"Wayne, MI",11 months ago
369,5,Medfield,11 months ago
370,5,"eleven fifty NE seventeen court, apt thi",11 months ago
371,3,"Brooklyn, NY",11 months ago
372,3,Florida,11 months ago
373,5,"Scottsdale, AZ",11 months ago
374,5,NY,11 months ago
375,5,Wichita,11 months ago
376,5,"San Marcos, TX",11 months ago
377,5,"Linden, NJ",11 months ago
378,5,"Red Bluff, CA",11 months ago
379,1,New York,11 months ago
380,2,CA,11 months ago
381,5,Waukee,11 months ago
382,5,Boston,11 months ago
383,5,"Galveston, TX",11 months ago
384,4,USA,11 months ago
385,4,USA,11 months ago
386,5,"Montgomery, TX",11 months ago
387,5,USA,11 months ago
388,3,"San Diego, CA",11 months ago
389,4,"Brooklyn, NY",11 months ago
390,3,Elgin,11 months ago
391,3,To,11 months ago
392,5,Puente hills,1 year ago
393,3,Bronx ny,1 year ago
394,5,"Davenport, FL",1 year ago
395,5,"Las Vegas, NV",1 year ago
396,4,USA,1 year ago
397,5,"Easton, PA",1 year ago
398,5,New York,1 year ago
399,4,"Kensett, AR",1 year ago
400,3,Elgin,11 months ago
401,3,To,11 months ago
402,5,Puente hills,1 year ago
403,3,Bronx ny,1 year ago
404,5,"Davenport, FL",1 year ago
405,5,"Las Vegas, NV",1 year ago
406,4,USA,1 year ago
407,5,"Easton, PA",1 year ago
408,5,New York,1 year ago
409,4,"Kensett, AR",1 year ago
410,4,"Flower Mound, TX",1 year ago
411,2,Indy,1 year ago
412,2,"Los Angeles, CA",1 year ago
413,5,"Chicago, IL",1 year ago
414,3,USA,1 year ago
415,5,USA,1 year ago
416,5,Ohio,1 year ago
417,5,CA,1 year ago
418,5,NY,1 year ago
419,2,"Tulsa, OK",1 year ago
420,5,"Clemmons, NC",1 year ago
421,5,"Shoreline, WA",1 year ago
422,5,SanDiego,1 year ago
423,5,USA,1 year ago
424,5,"North Bergen, NJ",1 year ago
425,1,New Jersey,1 year ago
426,4,"Raleigh, NC",1 year ago
427,5,Baltimore,1 year ago
428,5,"Chicago, IL",1 year ago
429,5,USA,1 year ago
430,5,"Pflugerville, TX",1 year ago
431,4,CA,1 year ago
432,1,"Bellevue, KY",1 year ago
433,5,"Verona, NJ",1 year ago
434,5,"Irvine, CA",1 year ago
435,2,"Taylorsville, UT",1 year ago
436,1,"Elk Grove, CA",1 year ago
437,5,"Boston, MA",1 year ago
438,5,"Bradenton, FL",1 year ago
439,1,Kentucky,1 year ago
440,1,"Albuquerque, NM",1 year ago
441,5,USA,1 year ago
442,5,Berkeley,1 year ago
443,3,"Patterson, CA",1 year ago
444,5,"Science Hill, KY",1 year ago
445,1,"Downingtown, PA",1 year ago
446,4,"Chicago, IL",1 year ago
447,1,Philadelphia,1 year ago
448,5,"Apopka, FL",1 year ago
449,5,"Donora, PA",1 year ago
450,1,"Albuquerque, NM",1 year ago
451,5,USA,1 year ago
452,5,Berkeley,1 year ago
453,3,"Patterson, CA",1 year ago
454,5,"Science Hill, KY",1 year ago
455,1,"Downingtown, PA",1 year ago
456,4,"Chicago, IL",1 year ago
457,1,Philadelphia,1 year ago
458,5,"Apopka, FL",1 year ago
459,5,"Donora, PA",1 year ago
460,5,"Minneapolis, MN",1 year ago
461,5,new york,1 year ago
462,4,"Spring Hill, FL",1 year ago
463,5,SA,1 year ago
464,5,collamer rd,1 year ago
465,3,"Crosby, TX",1 year ago
466,5,"washington, DC",1 year ago
467,5,"Bridgewater, VA",1 year ago
468,5,Rhode Island,1 year ago
469,3,"Seymour, TN",1 year ago
470,2,"Tampa, Florida",1 year ago
471,3,"Johns creek , GA",1 year ago
472,5,Texas,1 year ago
473,3,Myrtle Beach SC,1 year ago
474,5,"Troy, NY",1 year ago
475,5,"Branford, CT",1 year ago
476,5,"Kewanee, IL",1 year ago
477,5,"New York, NY",1 year ago
478,5,Coventry,1 year ago
479,4,"Ridgewood, NY",1 year ago
480,2,"Tampa, Florida",1 year ago
481,3,"Johns creek , GA",1 year ago
482,5,Texas,1 year ago
483,3,Myrtle Beach SC,1 year ago
484,5,"Troy, NY",1 year ago
485,5,"Branford, CT",1 year ago
486,5,"Kewanee, IL",1 year ago
487,5,"New York, NY",1 year ago
488,5,Coventry,1 year ago
489,4,"Ridgewood, NY",1 year ago
490,4,USA,1 year ago
491,5,"Millersburg, OH",1 year ago
492,5,IL,1 year ago
493,5,IL,1 year ago
494,5,Sedona AZ,1 year ago
495,5,Los Angeles,1 year ago
496,5,Menomonee falls,1 year ago
497,5,USA,1 year ago
498,5,Los Angeles,1 year ago
499,2,"Oakland, NJ",1 year ago
500,2,"Portland, OR",1 year ago
501,5,NY,1 year ago
502,5,"Philadelphia, PA",1 year ago
503,5,Chicago,1 year ago
504,3,Chicago,1 year ago
505,5,"Los Angeles, CA",1 year ago
506,5,"Dunedin, FL",1 year ago
507,5,Minot,1 year ago
508,5,"Daly City, CA",1 year ago
509,3,Millsboro,1 year ago
510,5,New York,1 year ago
511,5,Cullman Alabama,1 year ago
512,3,California,1 year ago
513,1,Virginia,1 year ago
514,5,"Long Island, NY",1 year ago
515,5,"Montclair, NJ",1 year ago
516,3,Alaska,1 year ago
517,4,"Ware Shoals, SC",1 year ago
518,3,Montana,1 year ago
519,5,"Fort Smith, AR",1 year ago
520,3,"Selden, NY",1 year ago
521,5,Washington,1 year ago
522,1,OKC,1 year ago
523,5,"Washington , DC",1 year ago
524,4,"Bronx, NY",1 year ago
525,5,El Paso,1 year ago
526,5,NA,1 year ago
527,5,"Arlington,Tx",1 year ago
528,5,OKC,1 year ago
529,5,"Gilbert, AZ",1 year ago
530,5,"Tazewell, VA",1 year ago
531,1,New Jersey,1 year ago
532,1,"New Orleans, LA",1 year ago
533,5,Louisville,1 year ago
534,5,Charlotte,1 year ago
535,5,Cleveland,1 year ago
536,5,Indianapolis,1 year ago
537,5,"Hemet, CA",1 year ago
538,5,Rochester NY,1 year ago
539,3,Dallas,1 year ago
540,5,"Odenville, AL",1 year ago
541,5,Virginia,1 year ago
542,5,"Manchester, NH",1 year ago
543,4,"Brownwood, TX",1 year ago
544,1,"Marietta, GA",1 year ago
545,5,"Issaquah, WA",1 year ago
546,4,GA,1 year ago
547,5,United States,1 year ago
548,1,TX,1 year ago
549,1,MI,1 year ago
550,5,Tennessee,1 year ago
551,3,Altoona,1 year ago
552,5,New york,1 year ago
553,5,"Lexington, KY",1 year ago
554,5,United States,1 year ago
555,5,"Washington, DC",1 year ago
556,5,United States,1 year ago
557,5,United States,1 year ago
558,2,Salt Lake City,1 year ago
559,5,United States,1 year ago
560,5,"Madison, WI",1 year ago
561,5,"Livingston, NJ",1 year ago
562,5,"Philadelphia, PA",1 year ago
563,1,"Colonial Beach, VA",1 year ago
564,3,"New York, NY",1 year ago
565,5,Los Angeles,1 year ago
566,2,United States,1 year ago
567,5,"Ballston Spa, NY",1 year ago
568,1,"Midland , MI",1 year ago
569,1,"Marietta, GA",1 year ago
570,5,Chicago,1 year ago
571,5,Houston,1 year ago
572,5,"Masontown, WV",1 year ago
573,5,Detroit,1 year ago
574,2,"Las Vegas, NV",1 year ago
575,4,Merrick,1 year ago
576,5,"Washington, DC",1 year ago
577,5,Lansing,1 year ago
578,4,Kansas City,1 year ago
579,4,"Wayne, NJ",1 year ago
580,5,United States,1 year ago
581,1,Kentucky,1 year ago
582,1,"Minot, ND",1 year ago
583,5,"Northbrook, IL",1 year ago
584,5,CT,1 year ago
585,5,"Odessa, TX",1 year ago
586,1,United States,1 year ago
587,3,United States,1 year ago
588,5,Rancho Cucamonga,1 year ago
589,5,"Lacey, WA",1 year ago
590,3,"Los Angeles, CA",1 year ago
591,5,"Sandy Springs, GA",1 year ago
592,4,"Richmond Hill, ON",1 year ago
593,5,denver,1 year ago
594,4,United States,1 year ago
595,5,Sutton,1 year ago
596,5,"Ellisville, MS",1 year ago
597,5,NY,1 year ago
598,5,"Dumont, NJ",1 year ago
599,5,"Syosset, NY",1 year ago
600,5,indianapolis,1 year ago
601,5,Lucas,1 year ago
602,1,Texas,1 year ago
603,3,United States,1 year ago
604,5,"East Boston, MA",1 year ago
605,4,York,1 year ago
606,5,NYC,1 year ago
607,5,Wichita,1 year ago
608,5,MS,1 year ago
609,5,CT,1 year ago
610,5,Boston,1 year ago
611,5,"Windermere, FL",1 year ago
612,4,"Albany, NY",1 year ago
613,5,"Madera, CA",1 year ago
614,5,Albuquerque,1 year ago
615,3,Atlanta,1 year ago
616,5,"QUEENS, NY",1 year ago
617,4,Everett,1 year ago
618,5,"Wilmington, NC",1 year ago
619,5,"Orem, UT",1 year ago
620,5,"Bronx, NY",1 year ago
621,4,"Costa Mesa, CA",1 year ago
622,5,"Menifee, CA",1 year ago
623,5,"Los Angeles, CA",1 year ago
624,5,"Frederick, MD",1 year ago
625,3,Chicago,1 year ago
626,5,NY,1 year ago
627,5,"Somerset, PA",1 year ago
628,5,"Mars, PA",1 year ago
629,3,ARIZONA,1 year ago
630,5,"Parkersburg, WV",1 year ago
631,5,Tempe,1 year ago
632,5,"West Richland, WA",1 year ago
633,5,"Salem, OR",1 year ago
634,1,chicago,1 year ago
635,5,"Minneapolis, MN",1 year ago
636,3,"Marina Dl Rey, CA",1 year ago
637,1,"Westminster , CA",1 year ago
638,3,"Wellesley, MA",1 year ago
639,5,"Portland, OR",1 year ago
640,5,"Renton, WA",1 year ago
641,5,"Amarillo, TX",1 year ago
642,1,"San Diego, Ca",1 year ago
643,4,gilroy,1 year ago
644,1,"Brooklyn, NY",1 year ago
645,5,"Dover, DE",1 year ago
646,5,"Port Neches, TX",1 year ago
647,2,Earth,1 year ago
648,3,"Los Angeles, CA",1 year ago
649,1,"Roseville, CA",1 year ago
650,5,MD,1 year ago
651,2,NJ,1 year ago
652,1,"St. Louis, MO",1 year ago
653,3,United States,1 year ago
654,5,"Roseville, CA",1 year ago
655,5,"Walnut Creek, CA",1 year ago
656,1,"Birmingham, AL",1 year ago
657,4,Texas,1 year ago
658,2,Washington,1 year ago
659,2,"Torrance, CA",1 year ago
660,3,"Diamond Bar, CA",1 year ago
661,5,Dallas,1 year ago
662,5,New Jersey,1 year ago
663,5,Sacramento,1 year ago
664,1,"Pittsburgh, Pa",1 year ago
665,5,"washington, dc",1 year ago
666,5,"Chicago, IL",1 year ago
667,5,New York,1 year ago
668,5,Florida,1 year ago
669,5,"Redondo Beach, CA",1 year ago
670,5,California,1 year ago
671,5,"queens, ny",1 year ago
672,5,"Miramar, FL",1 year ago
673,1,Texas,1 year ago
674,5,United States,1 year ago
675,5,United States,1 year ago
676,3,"Florence, AL",1 year ago
677,5,"Gladstone, MO",1 year ago
678,5,United States,1 year ago
679,5,"Waxahachie, TX",1 year ago
680,5,Appleton,1 year ago
681,5,"San Antonio , TX",1 year ago
682,5,"Mebane , NC",1 year ago
683,5,United States,1 year ago
684,4,Lake Bluff,1 year ago
685,1,Toronto,1 year ago
686,5,"Newnan, GA",1 year ago
687,5,"Racine, WI",1 year ago
688,1,San Diego,1 year ago
689,5,kiln,1 year ago
690,5,Shelburne Falls,1 year ago
691,5,"Los Angeles, CA",1 year ago
692,5,"Miramar, FL",1 year ago
693,5,"Washington, MI",1 year ago
694,5,chicago,1 year ago
695,4,United States,1 year ago
696,5,New York,1 year ago
697,5,"Lake Isabella, MI",1 year ago
698,5,"Novato, CA",1 year ago
699,4,"Wakeman, OH",1 year ago
700,5,"Ashland, MA",1 year ago
701,3,Atlanta,1 year ago
702,5,"Thomasville, NC",1 year ago
703,5,"Farmingdale, NY",1 year ago
704,5,"Campbell, CA",1 year ago
705,3,"Lapeer, MI",1 year ago
706,5,"Gainesville, FL",1 year ago
707,5,"Yreka, CA",1 year ago
708,4,"Youngstown, FL",1 year ago
709,5,"Irving , TX",1 year ago
710,4,"Wyandotte , MI",1 year ago
711,5,Boston,1 year ago
712,5,"Toledo, OH",1 year ago
713,5,"Newport, RI",1 year ago
714,5,"West Chester, PA",1 year ago
715,5,United States,1 year ago
716,5,"Mission, KS",1 year ago
717,3,"Pensacola, FL",1 year ago
718,5,"Ontario, CA",1 year ago
719,5,"Los Angeles , CA",1 year ago
720,5,"bradenton, FL",1 year ago
721,5,Chicago,1 year ago
722,4,"Dearborn Hts, MI",1 year ago
723,5,"Gresham, OR",1 year ago
724,5,"Dyersburg, TN",1 year ago
725,4,"Rockville, MD",1 year ago
726,3,"Lake City, PA",1 year ago
727,5,"Cathlamet, WA",1 year ago
728,5,United States,1 year ago
729,5,"Fort Knox, KY",1 year ago
730,5,henderson,1 year ago
731,5,"Arlington, VA",1 year ago
732,5,"Cumming, GA",1 year ago
733,5,"Ossining, NY",1 year ago
734,5,"Washington, NJ",1 year ago
735,5,"Westminster, MD",1 year ago
736,5,"Tampa, FL",1 year ago
737,4,United States,1 year ago
738,2,Honolulu,1 year ago
739,5,"New York, NY",1 year ago
740,5,"Wynnewood, PA",1 year ago
741,5,"Sacramento, CA",1 year ago
742,5,"Henrietta, NY",1 year ago
743,3,"Fontana, CA",1 year ago
744,5,"Willingboro, NJ",1 year ago
745,3,United States,1 year ago
746,3,"Sylvania, OH",1 year ago
747,5,dublin,1 year ago
748,5,"Muskegon, MI",1 year ago
749,5,Raleigh,1 year ago
750,5,"White Rock, NM",1 year ago
751,5,United States,1 year ago
752,5,"Woodland Hls, CA",1 year ago
753,5,"Enfield , CT",1 year ago
754,5,"New York, NY",1 year ago
755,4,"Fleetwood, PA",1 year ago
756,5,"Clayton, CA",1 year ago
757,5,"Missouri City, TX",1 year ago
758,4,"Jefferson, ME",1 year ago
759,5,Puerto Rico,1 year ago
760,5,"Moseley, VA",1 year ago
761,5,"Henrico, VA",1 year ago
762,5,"Pittsburgh, PA",1 year ago
763,5,Orlando,1 year ago
764,5,"Seven Hills, OH",1 year ago
765,3,"Klamath Falls, OR",1 year ago
766,4,"New York, NY",1 year ago
767,5,"Denver, CO",1 year ago
768,5,"Camarillo , CA",1 year ago
769,5,"MONTEREY, CA",1 year ago
770,5,"Moseley, VA",1 year ago
771,5,"Henrico, VA",1 year ago
772,5,"Pittsburgh, PA",1 year ago
773,5,Orlando,1 year ago
774,5,"Seven Hills, OH",1 year ago
775,3,"Klamath Falls, OR",1 year ago
776,4,"New York, NY",1 year ago
777,5,"Denver, CO",1 year ago
778,5,"Camarillo , CA",1 year ago
779,5,"MONTEREY, CA",1 year ago
780,5,"New York, NY",1 year ago
781,2,"Boynton Beach, FL",1 year ago
782,5,"Manassas , VA",1 year ago
783,5,"Austin, TX",1 year ago
784,5,"Miami, FL",1 year ago
785,4,"Anaheim, CA",1 year ago
786,5,"Lowell, MA",1 year ago
787,5,"Canton, GA",1 year ago
788,5,willowgrove,1 year ago
789,5,New York,1 year ago
790,3,"Concord, NC",1 year ago
791,5,United States,1 year ago
792,5,"Avon, NY",1 year ago
793,4,Norwell,1 year ago
794,5,"Hanover, MN",2 years ago
795,5,"Orem, UT",2 years ago
796,5,"Anna, TX",2 years ago
797,5,"Carmel, IN",2 years ago
798,4,"San Diego, CA",2 years ago
799,5,"Bronx, NY",2 years ago
800,3,"Cleburne , TX",2 years ago
801,5,"Nashville, TN",2 years ago
802,5,"Bothell, WA",2 years ago
803,5,"Georgetown, TX",2 years ago
804,5,"Ann Arbor, MI",2 years ago
805,5,"Philadelphia, PA",2 years ago
806,5,United States,2 years ago
807,1,California,2 years ago
808,5,Los Angeles,2 years ago
809,4,"Kansas City, MO",2 years ago
810,5,Ventura,2 years ago
811,5,"Vanceboro, NC",2 years ago
812,5,Enfield,2 years ago
813,4,davenport,2 years ago
814,5,United States,2 years ago
815,4,United States,2 years ago
816,5,Roswell,2 years ago
817,5,United States,2 years ago
818,5,Los Angeles,2 years ago
819,3,Cherokee Iowa,2 years ago
820,3,"Crystal , MN",2 years ago
821,5,Stratford,2 years ago
822,5,Mount Pleasant,2 years ago
823,3,United States,2 years ago
824,4,"centerville, MA",2 years ago
825,5,"Houston, TX",2 years ago
826,5,"Bronx, NY",2 years ago
827,1,United States,2 years ago
828,5,United States,2 years ago
829,5,"Owls Head, ME",2 years ago
830,5,"Kenosha, WI",2 years ago
831,5,"Augusta , GA",2 years ago
832,5,"Fairfield, CA",2 years ago
833,5,"Millinocket, ME",2 years ago
834,3,Atlanta,2 years ago
835,5,Springfield,2 years ago
836,5,Gatineau,2 years ago
837,3,"Tallahassee, Fl",2 years ago
838,5,"Royse city, TX",2 years ago
839,4,"Los Angeles, CA",2 years ago
840,5,Newport Coast,2 years ago
841,5,"Union, NJ",2 years ago
842,5,"Vancouver, BC",2 years ago
843,5,United States,2 years ago
844,4,"New York, New York",2 years ago
845,5,"Yellowknife, NT",2 years ago
846,5,11 Winfield St. Rear,2 years ago
847,5,"New London, CT",2 years ago
848,5,411 Cardinal,2 years ago
849,5,"Chicago, IL",2 years ago
850,5,"Brooklyn, NY",2 years ago
851,4,"Rego park, NY",2 years ago
852,5,"Jackson Hts, NY",2 years ago
853,5,United States,2 years ago
854,5,West Lafayette,2 years ago
855,5,"Chula Vista, CA",2 years ago
856,5,"Palmdale, CA",2 years ago
857,5,"Lone Pine, CA",2 years ago
858,5,"Denver,  Colorado",2 years ago
859,4,Poolesville,2 years ago
860,5,"Brooklyn, NY",2 years ago
861,4,"Rego park, NY",2 years ago
862,5,"Jackson Hts, NY",2 years ago
863,5,United States,2 years ago
864,5,West Lafayette,2 years ago
865,5,"Chula Vista, CA",2 years ago
866,5,"Palmdale, CA",2 years ago
867,5,"Lone Pine, CA",2 years ago
868,5,"Denver,  Colorado",2 years ago
869,4,Poolesville,2 years ago
870,5,Canada,2 years ago
871,1,Chicago,2 years ago
872,5,"Philadelphia, PA",2 years ago
873,5,"Fernley, NV",2 years ago
874,5,orange,2 years ago
875,4,"Thorold, ON",2 years ago
876,5,United States,2 years ago
877,3,"Manhattan, NY",2 years ago
878,4,United States,2 years ago
879,4,"Jersey city, NJ",2 years ago
880,5,"Phoenix, AZ",2 years ago
881,1,Birmingham alabama,2 years ago
882,5,Stl,2 years ago
883,5,"Toronto, ON",2 years ago
884,5,"Cerritos, CA",2 years ago
885,5,Louisville,2 years ago
886,5,Los Angeles,2 years ago
887,5,"Thomasville, AL",2 years ago
888,4,"Statesville, NC",2 years ago
889,5,west new york,2 years ago
890,5,"Staten Island, NY",2 years ago
891,5,"Brandywine , MD",2 years ago
892,5,Korea,2 years ago
893,5,"Chula Vista , CA",2 years ago
894,3,"Jacksonville, FL",2 years ago
895,5,"Los Angeles, CA",2 years ago
896,5,Los Angeles,2 years ago
897,5,"Memphis, TN",2 years ago
898,5,Indiana,2 years ago
899,5,"Trumbull, CT",2 years ago
900,5,"Branford, CT",2 years ago
901,5,"Chicago, IL",2 years ago
902,3,boston,2 years ago
903,5,"Los Angeles, CA",2 years ago
904,5,madison,2 years ago
905,5,Providence,2 years ago
906,5,Santa Cruz,2 years ago
907,3,"Bronx, NY",2 years ago
908,5,"Forest Hills, NY",2 years ago
909,4,United States,2 years ago
910,4,"Evansville, IN",2 years ago
911,5,Marysville,2 years ago
912,5,Canada,2 years ago
913,4,"Leduc County, AB",2 years ago
914,5,"Birmingham, AL",2 years ago
915,4,"West Vancouver, BC",2 years ago
916,4,Winnipeg,2 years ago
917,5,"Etna, NY",2 years ago
918,5,"Bayside, WI",2 years ago
919,5,Irvine,2 years ago
920,5,Ontario,2 years ago
921,5,"Panama City, Panama",2 years ago
922,5,"Sterling Heights, MI",2 years ago
923,5,"Sayreville, NJ",2 years ago
924,5,UK,2 years ago
925,5,United States,2 years ago
926,5,"Oakville, ON",2 years ago
927,3,philadelphia,2 years ago
928,2,"Las Vegas , NV",2 years ago
929,5,United States,2 years ago
930,5,North Riverside,2 years ago
931,5,Cleveland,2 years ago
932,4,"Benton, TN",2 years ago
933,5,"Santa Ana, CA",2 years ago
934,5,"Prince George, VA",2 years ago
935,5,Boston,2 years ago
936,4,United States,2 years ago
937,5,Metro Detroit,2 years ago
938,4,St. John's,2 years ago
939,5,ronkonkoma,2 years ago
940,4,Auburn,2 years ago
941,5,"Toronto , ON",2 years ago
942,1,"Jackson, NJ",2 years ago
943,5,"MISSOURI CITY, TX",2 years ago
944,4,United States,2 years ago
945,2,"Naperville, IL",2 years ago
946,3,"Yonkers , NY",2 years ago
947,3,"Victoria, BC",2 years ago
948,5,"Chandler, AZ",2 years ago
949,2,"Brantford , ON",2 years ago
950,5,"East St Paul, MB",2 years ago
951,5,"Hamilton, NJ",2 years ago
952,5,United States,2 years ago
953,5,Jersey City,2 years ago
954,3,United States,2 years ago
955,5,langley,2 years ago
956,5,Canada,2 years ago
957,1,Va,2 years ago
958,5,Canada,2 years ago
959,5,Ottawa,2 years ago
960,5,"Redmond , WA",2 years ago
961,4,Canada,2 years ago
962,5,"Blacksburg, VA",2 years ago
963,5,Los Angeles,2 years ago
964,5,peachtree corners,2 years ago
965,5,United States,2 years ago
966,5,North Carolina,2 years ago
967,4,United States,2 years ago
968,2,"Oceanside, CA",2 years ago
969,5,"Boston, MA",2 years ago
970,4,Lutz,2 years ago
971,5,Illinois,2 years ago
972,5,St. Catharines,2 years ago
973,1,"Dothan, Alabama",2 years ago
974,5,Philadelphia,2 years ago
975,5,elburn,2 years ago
976,5,Mammoth Spring,2 years ago
977,5,"Sandy, UT",2 years ago
978,5,"Marrero, LA",2 years ago
979,5,Grand Rapids,2 years ago
980,5,Philly,2 years ago
981,3,United States,2 years ago
982,5,New York,2 years ago
983,5,"Warren, NJ",2 years ago
984,5,Kuwait,2 years ago
985,5,jarrell,2 years ago
986,5,Boston,2 years ago
987,3,Birmingham,2 years ago
988,5,Los Angeles,2 years ago
989,4,Gypsum,2 years ago
990,5,Philly,2 years ago
991,3,United States,2 years ago
992,5,New York,2 years ago
993,5,"Warren, NJ",2 years ago
994,5,Kuwait,2 years ago
995,5,jarrell,2 years ago
996,5,Boston,2 years ago
997,3,Birmingham,2 years ago
998,5,Los Angeles,2 years ago
999,4,Gypsum,2 years ago
1000,5,"Anderson, SC",2 years ago
1001,4,United States,2 years ago
1002,5,"Charlotte, NC",2 years ago
1003,4,White Bear Lake,2 years ago
1004,5,"Albuquerque, NM",2 years ago
1005,5,"Red Deer, AB",2 years ago
1006,5,United States,2 years ago
1007,5,"Stillwater, MN",2 years ago
1008,5,Brampton,2 years ago
1009,5,stockton,2 years ago
1010,5,United States,2 years ago
1011,5,"North Vancouver , BC",2 years ago
1012,5,United States,2 years ago
1013,5,United States,2 years ago
1014,4,United States,2 years ago
1015,5,"Halifax, NS",2 years ago
1016,5,Pickering,2 years ago
1017,3,Montevallo,2 years ago
1018,5,Los Angeles,2 years ago
1019,5,"Kalamazoo, MI",2 years ago
1020,5,orlando,2 years ago
1021,5,"Fredericton, NB",2 years ago
1022,5,United States,2 years ago
1023,5,"London , ON",2 years ago
1024,5,"Boise, Idaho",2 years ago
1025,5,"Montreal, QC",2 years ago
1026,5,"worcester , MA",2 years ago
1027,5,"Los Angeles , CA",2 years ago
1028,5,"Fairfax, VA",2 years ago
1029,5,United States,2 years ago
1030,5,United States,2 years ago
1031,4,Ottawa,2 years ago
1032,5,Staten Island,2 years ago
1033,5,"orange, CA",2 years ago
1034,5,"Janesville, WI",2 years ago
1035,5,"Saratoga Spgs, NY",2 years ago
1036,5,Canada,2 years ago
1037,5,"Ft Washington, MD",2 years ago
1038,5,United States,2 years ago
1039,5,"Riverview, FL",2 years ago
1040,4,Maryland,2 years ago
1041,5,"Ripley, MS",2 years ago
1042,1,"Houston, TX",2 years ago
1043,5,"Atlanta, GA",2 years ago
1044,2,"Cheektowaga, NY",2 years ago
1045,5,Southaven,2 years ago
1046,3,MN,2 years ago
1047,4,Canada,2 years ago
1048,5,"Washington, DC",2 years ago
1049,5,"Lansing, MI",2 years ago
1050,4,Maryland,2 years ago
1051,5,"Ripley, MS",2 years ago
1052,1,"Houston, TX",2 years ago
1053,5,"Atlanta, GA",2 years ago
1054,2,"Cheektowaga, NY",2 years ago
1055,5,Southaven,2 years ago
1056,3,MN,2 years ago
1057,4,Canada,2 years ago
1058,5,"Washington, DC",2 years ago
1059,5,"Lansing, MI",2 years ago
1060,5,Waukesha,2 years ago
1061,5,"Corvallis , OR",2 years ago
1062,5,United States,2 years ago
1063,5,Morgantown,2 years ago
1064,5,"Marlboro, NJ",2 years ago
1065,5,Los Angeles,2 years ago
1066,4,"Edmonton, Alberta",2 years ago
1067,5,"Ottawa, ON",2 years ago
1068,5,"Kansas City, MO",2 years ago
1069,3,"Govan, SK",2 years ago
1070,5,"Niskayuna, NY",2 years ago
1071,5,toledo,2 years ago
1072,4,"Miami, FL",2 years ago
1073,5,"Toronto, ON",2 years ago
1074,5,"Mocksville, NC",2 years ago
1075,4,United States,2 years ago
1076,4,spruce pine,2 years ago
1077,5,"Norman, OK",2 years ago
1078,5,"Tuscaloosa, AL",2 years ago
1079,5,somerville,2 years ago
1080,5,"Niskayuna, NY",2 years ago
1081,5,toledo,2 years ago
1082,4,"Miami, FL",2 years ago
1083,5,"Toronto, ON",2 years ago
1084,5,"Mocksville, NC",2 years ago
1085,4,United States,2 years ago
1086,4,spruce pine,2 years ago
1087,5,"Norman, OK",2 years ago
1088,5,"Tuscaloosa, AL",2 years ago
1089,5,somerville,2 years ago
1090,4,"Aldan, PA",2 years ago
1091,4,"Hayward , CA",2 years ago
1092,4,"Modesto, CA",2 years ago
1093,5,"Chicago, IL",2 years ago
1094,5,Toronto,2 years ago
1095,5,"Clifton, NJ",2 years ago
1096,5,"Rocklin, CA",2 years ago
1097,5,"Warrenville, IL",2 years ago
1098,5,Michigan,2 years ago
1099,3,Fresno CA,2 years ago
1100,4,United States,2 years ago
1101,5,United States,2 years ago
1102,4,"Justin, TX",2 years ago
1103,5,"ON, ON",2 years ago
1104,5,"Palmyra, PA",2 years ago
1105,5,"North York, ON",2 years ago
1106,5,Pittston,2 years ago
1107,5,"Hemet, CA",2 years ago
1108,5,"Byron Center , MI",2 years ago
1109,5,Tucson,2 years ago
1110,4,United States,2 years ago
1111,5,United States,2 years ago
1112,4,"Justin, TX",2 years ago
1113,5,"ON, ON",2 years ago
1114,5,"Palmyra, PA",2 years ago
1115,5,"North York, ON",2 years ago
1116,5,Pittston,2 years ago
1117,5,"Hemet, CA",2 years ago
1118,5,"Byron Center , MI",2 years ago
1119,5,Tucson,2 years ago
1120,5,United States,2 years ago
1121,5,boca raton,2 years ago
1122,2,Toronto,2 years ago
1123,5,"Columbus, OH",2 years ago
1124,5,"Riverside, CA",2 years ago
1125,5,Canada,2 years ago
1126,5,"Wyoming , MI",2 years ago
1127,5,"Akron, Ohio",2 years ago
1128,2,Doddridge,2 years ago
1129,5,portland,2 years ago
1130,5,Calgary,2 years ago
1131,5,"Edmonton, AB",2 years ago
1132,5,"New York, NY",2 years ago
1133,5,"Pt Charlotte, FL",2 years ago
1134,5,"Miami Shores, FL",2 years ago
1135,5,"Colorado Spgs, CO",2 years ago
1136,5,"Toronto, ON",2 years ago
1137,5,"Middleton, WI",2 years ago
1138,3,"Bloomfld Hls, MI",2 years ago
1139,4,"Los Angeles, CA",2 years ago
1140,4,"Colorado Spgs, CO",2 years ago
1141,4,"Dublin , OH",2 years ago
1142,5,"Howell, MI",2 years ago
1143,5,"Glen Burnie, MD",2 years ago
1144,5,"Toronto, ON",2 years ago
1145,5,"Atlanta, GA",2 years ago
1146,5,"New rochelle, NY",2 years ago
1147,4,"Colonia , NJ",2 years ago
1148,5,"Capo Beach, CA",2 years ago
1149,5,"Boise, ID",2 years ago
1150,4,"Colorado Spgs, CO",2 years ago
1151,4,"Dublin , OH",2 years ago
1152,5,"Howell, MI",2 years ago
1153,5,"Glen Burnie, MD",2 years ago
1154,5,"Toronto, ON",2 years ago
1155,5,"Atlanta, GA",2 years ago
1156,5,"New rochelle, NY",2 years ago
1157,4,"Colonia , NJ",2 years ago
1158,5,"Capo Beach, CA",2 years ago
1159,5,"Boise, ID",2 years ago
1160,4,"La Mirada, Ca",2 years ago
1161,5,"Staten Island, NY",2 years ago
1162,5,"Linwood , NJ",2 years ago
1163,5,"Oshawa, ON",2 years ago
1164,5,hannawa falls,2 years ago
1165,5,California MD,2 years ago
1166,5,"Alexandria, VA",2 years ago
1167,5,United States,2 years ago
1168,5,"Asheville, NC",2 years ago
1169,5,Canada,2 years ago
1170,5,"Roseville, MI",2 years ago
1171,5,"Hazel Park , MI",2 years ago
1172,2,"Richmond Hill, ON",2 years ago
1173,5,bell gardens,2 years ago
1174,4,"Manassas, VA",2 years ago
1175,5,"San francisco , CA",2 years ago
1176,5,"Brooklyn, NY",2 years ago
1177,5,"Laval, QC",2 years ago
1178,4,"Sherwood, OR",2 years ago
1179,5,"Burlington, WI",2 years ago
1180,5,"Roseville, MI",2 years ago
1181,5,"Hazel Park , MI",2 years ago
1182,2,"Richmond Hill, ON",2 years ago
1183,5,bell gardens,2 years ago
1184,4,"Manassas, VA",2 years ago
1185,5,"San francisco , CA",2 years ago
1186,5,"Brooklyn, NY",2 years ago
1187,5,"Laval, QC",2 years ago
1188,4,"Sherwood, OR",2 years ago
1189,5,"Burlington, WI",2 years ago
1190,5,"Metairie , LA",2 years ago
1191,5,New Jersey,2 years ago
1192,5,"Thornton , CO",2 years ago
1193,1,"Salem, OR",2 years ago
1194,5,"Pawtucket, RI",2 years ago
1195,4,atlanta,2 years ago
1196,5,"Savage, MN",2 years ago
1197,5,"Palatine , IL",2 years ago
1198,5,"Manalapan, NJ",2 years ago
1199,5,"Coon Rapids, MN",2 years ago
1200,5,"Abbotsford, BC",2 years ago
1201,4,"Charlotte, NC",2 years ago
1202,5,"Hamilton, NJ",2 years ago
1203,5,"Edmonton, AB",2 years ago
1204,4,United States,2 years ago
1205,5,"Albuquerque, NM",2 years ago
1206,3,"Milwaukee , WI",2 years ago
1207,5,"Etobicoke, ON",2 years ago
1208,5,"Marana, AZ",2 years ago
1209,1,Canada,2 years ago
1210,5,"Fife lake , MI",2 years ago
1211,5,"Cottage Grove , MN",2 years ago
1212,3,"Los Angeles, CA",2 years ago
1213,5,Washington D.C.,2 years ago
1214,3,"Gallatin, TN",2 years ago
1215,5,"Forest Hills, NY",2 years ago
1216,4,Woodlawn,2 years ago
1217,3,"Ashburn, VA",2 years ago
1218,5,"Grand Jct, CO",2 years ago
1219,5,New Bern,2 years ago
1220,5,Orlando,2 years ago
1221,5,"Sterling Heights, MI",2 years ago
1222,5,"Xenia , OH",2 years ago
1223,5,"N Providence, RI",2 years ago
1224,4,"Midhurst, Ontario",2 years ago
1225,5,"Oshawa , ON",2 years ago
1226,3,"London, ON",2 years ago
1227,5,"Greenville, SC",2 years ago
1228,4,"Toronto , ON",2 years ago
1229,5,"Charlotte, NC",2 years ago
1230,5,"Regina, SK",2 years ago
1231,4,"Toronto, ON",2 years ago
1232,4,"Mishawaka , IN",2 years ago
1233,4,United States,2 years ago
1234,4,"Rusagonis, NB",2 years ago
1235,4,"Oklahoma City, OK",2 years ago
1236,5,"Roslindale , MA",2 years ago
1237,5,"Pinckney, MI",2 years ago
1238,5,"Gilbert, AZ",2 years ago
1239,3,"Pitt Meadows , BC",2 years ago
1240,5,"Regina, SK",2 years ago
1241,4,"Toronto, ON",2 years ago
1242,4,"Mishawaka , IN",2 years ago
1243,4,United States,2 years ago
1244,4,"Rusagonis, NB",2 years ago
1245,4,"Oklahoma City, OK",2 years ago
1246,5,"Roslindale , MA",2 years ago
1247,5,"Pinckney, MI",2 years ago
1248,5,"Gilbert, AZ",2 years ago
1249,3,"Pitt Meadows , BC",2 years ago
1250,5,Quincy,2 years ago
1251,5,montclair,2 years ago
1252,5,San Jose,2 years ago
1253,5,"Edmonton , AB",2 years ago
1254,5,"Azle, TX",2 years ago
1255,5,Springfield MO,2 years ago
1256,5,"Rhinelander, WI",2 years ago
1257,5,"Monroe, WA",2 years ago
1258,5,"Montreal, QC",2 years ago
1259,5,United States,2 years ago
1260,5,"Hoboken, NJ",2 years ago
1261,5,"Mesa, AZ",2 years ago
1262,4,"Saskatoon,SK",2 years ago
1263,4,New York,2 years ago
1264,5,"Canton, GA",2 years ago
1265,5,robbinsville,2 years ago
1266,5,"Winchester, VA",2 years ago
1267,3,"Dawson Creek, BC",2 years ago
1268,5,"Hamilton , ON",2 years ago
1269,5,richmond,2 years ago
1270,5,United States,2 years ago
1271,3,"Charlotte, NC",2 years ago
1272,5,Union City,2 years ago
1273,5,"Elkton, MD",2 years ago
1274,5,"Houston, TX",2 years ago
1275,5,Nashville,2 years ago
1276,5,"Ashburn, VA",2 years ago
1277,2,United States,2 years ago
1278,5,"Greenville, SC",2 years ago
1279,5,Austin,2 years ago
1280,5,United States,2 years ago
1281,3,"Charlotte, NC",2 years ago
1282,5,Union City,2 years ago
1283,5,"Elkton, MD",2 years ago
1284,5,"Houston, TX",2 years ago
1285,5,Nashville,2 years ago
1286,5,"Ashburn, VA",2 years ago
1287,2,United States,2 years ago
1288,5,"Greenville, SC",2 years ago
1289,5,Austin,2 years ago
1290,4,United States,2 years ago
1291,1,New York,2 years ago
1292,5,United States,2 years ago
1293,5,white Plains NY,2 years ago
1294,5,"N Little Rock, AR",2 years ago
1295,5,new york,2 years ago
1296,5,"Columbia, MO",2 years ago
1297,5,"Sn Bernrdno, CA",2 years ago
1298,5,Los Angeles,2 years ago
1299,5,"Wynne, AR",2 years ago
1300,3,"Buffalo , NY",2 years ago
1301,5,"Valley, AL",2 years ago
1302,5,"Claymont, DE",2 years ago
1303,5,"Dublin, OH",2 years ago
1304,5,Pittsburgh,2 years ago
1305,5,"Russellville, AR",2 years ago
1306,3,"athens, GA",2 years ago
1307,3,Parkland,2 years ago
1308,5,"Lenexa, KS",3 years ago
1309,5,"Summersville , WV",3 years ago
1310,3,"Buffalo , NY",2 years ago
1311,5,"Valley, AL",2 years ago
1312,5,"Claymont, DE",2 years ago
1313,5,"Dublin, OH",2 years ago
1314,5,Pittsburgh,2 years ago
1315,5,"Russellville, AR",2 years ago
1316,3,"athens, GA",2 years ago
1317,3,Parkland,2 years ago
1318,5,"Lenexa, KS",3 years ago
1319,5,"Summersville , WV",3 years ago
1320,4,Little Falls,3 years ago
1321,5,"Georgetown , TX",3 years ago
1322,5,Napanee Ontario,3 years ago
1323,5,Minneapolis,3 years ago
1324,5,"Yucaipa, Ca",3 years ago
1325,5,United States,3 years ago
1326,5,"Collinsville, IL",3 years ago
1327,5,"Cincinnati, OH",3 years ago
1328,4,"Cologne, Germany",3 years ago
1329,5,Canada,3 years ago
1330,4,Little Falls,3 years ago
1331,5,"Georgetown , TX",3 years ago
1332,5,Napanee Ontario,3 years ago
1333,5,Minneapolis,3 years ago
1334,5,"Yucaipa, Ca",3 years ago
1335,5,United States,3 years ago
1336,5,"Collinsville, IL",3 years ago
1337,5,"Cincinnati, OH",3 years ago
1338,4,"Cologne, Germany",3 years ago
1339,5,Canada,3 years ago
1340,2,"Glenolden, PA",3 years ago
1341,5,Atlanta,3 years ago
1342,3,New York,3 years ago
1343,5,"Jamestown, NY",3 years ago
1344,5,"Jamestown, NY",3 years ago
1345,3,"Huntersville, NC",3 years ago
1346,5,New York,3 years ago
1347,5,United States,3 years ago
1348,5,"Brampton, ON",3 years ago
1349,5,"Wyandotte, MI",3 years ago
1350,5,United States,3 years ago
1351,4,New York,3 years ago
1352,5,"Worcester , MA",3 years ago
1353,5,United States,3 years ago
1354,5,"Louisville , KY",3 years ago
1355,5,columbia,3 years ago
1356,5,"Saint Francis, MN",3 years ago
1357,4,"Stony Brook, NY",3 years ago
1358,5,Grafton,3 years ago
1359,5,"Farmingtn Hls, MI",3 years ago
1360,5,"Greenville, NC",3 years ago
1361,5,"Mt Pleasant, MI",3 years ago
1362,5,"Los Angeles, CA",3 years ago
1363,5,Bennettsville,3 years ago
1364,5,"Layton, UT",3 years ago
1365,5,"Leander, TX",3 years ago
1366,4,Liberty Center,3 years ago
1367,5,Chatham,3 years ago
1368,5,Cottage Grove,3 years ago
1369,5,"Philadelphia, PA",3 years ago
1370,5,"Greenville, NC",3 years ago
1371,5,"Mt Pleasant, MI",3 years ago
1372,5,"Los Angeles, CA",3 years ago
1373,5,Bennettsville,3 years ago
1374,5,"Layton, UT",3 years ago
1375,5,"Leander, TX",3 years ago
1376,4,Liberty Center,3 years ago
1377,5,Chatham,3 years ago
1378,5,Cottage Grove,3 years ago
1379,5,"Philadelphia, PA",3 years ago
1380,5,"Fort Bragg, CA",3 years ago
1381,5,Lawton,3 years ago
1382,5,"Astoria, NY",3 years ago
1383,3,"Gilbert, AZ",3 years ago
1384,4,Dallas,3 years ago
1385,5,"Houston, TX",3 years ago
1386,3,"Morgan Hill, CA",3 years ago
1387,5,Longueuil,3 years ago
1388,5,"Merritt Is, FL",3 years ago
1389,5,"Galloway, OH",3 years ago
1390,5,Ontario,3 years ago
1391,3,Austin,3 years ago
1392,5,Chicago,3 years ago
1393,4,"Ontario, CA",3 years ago
1394,5,Brooklyn,3 years ago
1395,3,"Canby, OR",3 years ago
1396,5,"Fontana, CA",3 years ago
1397,5,"JUPITER, FL",3 years ago
1398,5,livermore,3 years ago
1399,4,"Aston, PA",3 years ago
1400,5,Ontario,3 years ago
1401,3,Austin,3 years ago
1402,5,Chicago,3 years ago
1403,4,"Ontario, CA",3 years ago
1404,5,Brooklyn,3 years ago
1405,3,"Canby, OR",3 years ago
1406,5,"Fontana, CA",3 years ago
1407,5,"JUPITER, FL",3 years ago
1408,5,livermore,3 years ago
1409,4,"Aston, PA",3 years ago
1410,5,"Saint David, AZ",3 years ago
1411,5,Doha,3 years ago
1412,4,California,3 years ago
1413,5,"San Angelo, TX",3 years ago
1414,4,"Grays, Essex",3 years ago
1415,5,Toronto,3 years ago
1416,3,ddtvtuftig,3 years ago
1417,5,"Mobile, AL",3 years ago
1418,5,"Wilmington, DE",3 years ago
1419,4,"Orlando, FL",3 years ago
1420,5,"Astoria, NY",3 years ago
1421,5,"Los Angeles , CA",3 years ago
1422,5,United Kingdom,3 years ago
1423,4,Canada,3 years ago
1424,5,Ronkonkoma,3 years ago
1425,5,"Conroe, TX",3 years ago
1426,5,New Castle,3 years ago
1427,4,"Milwaukee, WI",3 years ago
1428,5,"Findlay, IL",3 years ago
1429,5,Baton Rouge,3 years ago
1430,4,"Richmond, TX",3 years ago
1431,5,bemidji,3 years ago
1432,5,"Wilsonville, OR",3 years ago
1433,5,"Phoenix , AZ",3 years ago
1434,5,"Dunnellon, FL",3 years ago
1435,5,Naples,3 years ago
1436,5,"Sault Ste Marie, ON",3 years ago
1437,5,palm bay,3 years ago
1438,4,"St, ON",3 years ago
1439,5,"Allentown , PA",3 years ago
1440,5,"BAYONNE, NJ",3 years ago
1441,3,"Ames, IA",3 years ago
1442,5,Philadelphia,3 years ago
1443,5,"East Taunton, MA",3 years ago
1444,5,"Cincinnati, OH",3 years ago
1445,2,"Cuyahoga Fall, Ohio",3 years ago
1446,5,"Etna green, IN",3 years ago
1447,5,"Miami, FL",3 years ago
1448,5,"St Simons Is, GA",3 years ago
1449,5,"Ashton, MD",3 years ago
1450,5,"BAYONNE, NJ",3 years ago
1451,3,"Ames, IA",3 years ago
1452,5,Philadelphia,3 years ago
1453,5,"East Taunton, MA",3 years ago
1454,5,"Cincinnati, OH",3 years ago
1455,2,"Cuyahoga Fall, Ohio",3 years ago
1456,5,"Etna green, IN",3 years ago
1457,5,"Miami, FL",3 years ago
1458,5,"St Simons Is, GA",3 years ago
1459,5,"Ashton, MD",3 years ago
1460,5,"Malvern, AR",3 years ago
1461,5,Langley,3 years ago
1462,4,"Berkeley Spgs, WV",3 years ago
1463,5,"Anaheim , CA",3 years ago
1464,5,Albany,3 years ago
1465,5,"Colton, SD",3 years ago
1466,5,"Miami, FL",3 years ago
1467,3,"Sterling Hts, MI",3 years ago
1468,4,"Guelph, ON",3 years ago
1469,5,"Alamo, TX",3 years ago
1470,5,"Dearborn Hts, MI",3 years ago
1471,5,Austin,3 years ago
1472,5,"Melbourne, FL",3 years ago
1473,5,"Winston Salem, NC",3 years ago
1474,5,"chelsea, qc",3 years ago
1475,2,"Hoboken, NJ",3 years ago
1476,5,"Bronx, NY",3 years ago
1477,5,surrey bc,3 years ago
1478,4,Hartland,3 years ago
1479,5,"E Bernstadt, KY",3 years ago
1480,4,new york,3 years ago
1481,5,"Eastvale, CA",3 years ago
1482,4,"Hoboken, NJ",3 years ago
1483,3,"Pottstown, PA",3 years ago
1484,1,"Whittier, CA",3 years ago
1485,5,Canada,3 years ago
1486,5,Tbilisi,3 years ago
1487,3,Danville,3 years ago
1488,5,"Brooklyn, NY",3 years ago
1489,5,"Houston, TX",3 years ago
1490,5,United States,3 years ago
1491,3,"Enfield, CT",3 years ago
1492,4,"Glen Mills, PA",3 years ago
1493,5,"Dover Plains, NY",3 years ago
1494,5,"Victoria, BC",3 years ago
1495,5,Maryland,3 years ago
1496,5,"Cornwall, ON",3 years ago
1497,5,Dallas,3 years ago
1498,4,New York,3 years ago
1499,5,Port Tobacco,3 years ago
1500,5,"Pendleton , OR",3 years ago
1501,5,"Williamston, SC",3 years ago
1502,5,philadelphia,3 years ago
1503,5,"Rocky Mount, NC",3 years ago
1504,5,"Conroe, TX",3 years ago
1505,5,"CHICAGO, IL",3 years ago
1506,5,"San Diego, CA",3 years ago
1507,5,"Syosset, NY",3 years ago
1508,5,"Granbury , TX",3 years ago
1509,5,"Dallas, TX",3 years ago
1510,3,"Cranford, NJ",3 years ago
1511,5,"Ewa Beach, HI",3 years ago
1512,4,"West Liberty , KY",3 years ago
1513,4,orlando,3 years ago
1514,5,"Northlake, TX",3 years ago
1515,3,"Oceano , CA",3 years ago
1516,5,"Windermere, FL",3 years ago
1517,5,"Toronto, ON",3 years ago
1518,5,"Los Angeles, CA",3 years ago
1519,5,Brighton,3 years ago
1520,3,"Cranford, NJ",3 years ago
1521,5,"Ewa Beach, HI",3 years ago
1522,4,"West Liberty , KY",3 years ago
1523,4,orlando,3 years ago
1524,5,"Northlake, TX",3 years ago
1525,3,"Oceano , CA",3 years ago
1526,5,"Windermere, FL",3 years ago
1527,5,"Toronto, ON",3 years ago
1528,5,"Los Angeles, CA",3 years ago
1529,5,Brighton,3 years ago
1530,4,"Roswell, GA",3 years ago
1531,5,"London, ON",3 years ago
1532,5,"Christiansbrg, VA",3 years ago
1533,5,"Winchester, CA",3 years ago
1534,5,"Austin, TX",3 years ago
1535,5,"Sydney, NS",3 years ago
1536,5,"Scarborough, ON",3 years ago
1537,4,"Defiance, OH",3 years ago
1538,5,South Carolina,3 years ago
1539,5,Bergenfield,3 years ago
1540,4,"Roswell, GA",3 years ago
1541,5,"London, ON",3 years ago
1542,5,"Christiansbrg, VA",3 years ago
1543,5,"Winchester, CA",3 years ago
1544,5,"Austin, TX",3 years ago
1545,5,"Sydney, NS",3 years ago
1546,5,"Scarborough, ON",3 years ago
1547,4,"Defiance, OH",3 years ago
1548,5,South Carolina,3 years ago
1549,5,Bergenfield,3 years ago
1550,5,United States,3 years ago
1551,5,Homestead,3 years ago
1552,5,"Blountstown , FL",3 years ago
1553,5,"Winnipeg , MB",3 years ago
1554,5,Oakville,3 years ago
1555,4,"Parrish, FL",3 years ago
1556,5,"Wasilla, AK",3 years ago
1557,5,"Harrisburg, OR",3 years ago
1558,5,San Antonio,3 years ago
1559,5,New York City,3 years ago
1560,5,United States of America,3 years ago
1561,5,"Adamsburg, PA",3 years ago
1562,5,"Houston, TX",3 years ago
1563,4,"Mill Creek, WA",3 years ago
1564,5,"Framingham, MA",3 years ago
1565,4,"Port St Lucie, FL",3 years ago
1566,5,"Commack, NY",3 years ago
1567,5,staten island,3 years ago
1568,4,"Pendleton, OR",3 years ago
1569,5,"China, Maine",3 years ago
1570,5,"Rockwall, TX",3 years ago
1571,4,"White Bear Lk, MN",3 years ago
1572,4,"Lecheria, Anzoategui",3 years ago
1573,5,"Los Angles, CA",3 years ago
1574,4,"Quebec, QC",3 years ago
1575,5,"Conestoga, PA",3 years ago
1576,3,mississauga,3 years ago
1577,5,"Spearfish, SD",3 years ago
1578,4,"Dexter, MI",3 years ago
1579,5,"Medina, NY",3 years ago
1580,5,Keizer,3 years ago
1581,5,Pittsburgh,3 years ago
1582,5,"Bolton, CT",3 years ago
1583,5,"Elk Grove Vlg, IL",3 years ago
1584,5,Miami,3 years ago
1585,5,Canada,3 years ago
1586,5,"Concord , NC",3 years ago
1587,5,"Atlanta, GA",3 years ago
1588,5,"St Paul, MN",3 years ago
1589,5,"Houston, TX",3 years ago
1590,3,"San Francisco, CA",3 years ago
1591,5,Saddle River,3 years ago
1592,5,"Pasco, WA",3 years ago
1593,2,"Fort Collins, CO",3 years ago
1594,5,"Booneville , KY",3 years ago
1595,4,"Albany, NY",3 years ago
1596,5,"philadelphia, PA",3 years ago
1597,5,"Madison, WI",3 years ago
1598,4,levittown,3 years ago
1599,5,"San Diego, CA",3 years ago
1600,3,"San Francisco, CA",3 years ago
1601,5,Saddle River,3 years ago
1602,5,"Pasco, WA",3 years ago
1603,2,"Fort Collins, CO",3 years ago
1604,5,"Booneville , KY",3 years ago
1605,4,"Albany, NY",3 years ago
1606,5,"philadelphia, PA",3 years ago
1607,5,"Madison, WI",3 years ago
1608,4,levittown,3 years ago
1609,5,"San Diego, CA",3 years ago
1610,5,"North Bergen, NJ",3 years ago
1611,5,United States,3 years ago
1612,5,"Prescott, Arizona",3 years ago
1613,4,"Eureka, CA",3 years ago
1614,4,"Huntsville, AL",3 years ago
1615,5,United States,3 years ago
1616,5,"New Albany, OH",3 years ago
1617,4,"Columbia, SC",3 years ago
1618,5,Federal Way,3 years ago
1619,5,"Vancouver, WA",3 years ago
1620,5,Laval,3 years ago
1621,5,"Fort smith, AR",3 years ago
1622,3,"Mason, OH",3 years ago
1623,5,"Olathe, KS",3 years ago
1624,5,"Wallington , NJ",3 years ago
1625,5,"Albrightsvlle, PA",3 years ago
1626,5,Rolling Prairie,3 years ago
1627,3,"Pickering, ON",3 years ago
1628,5,"Oceanside , NY",3 years ago
1629,5,"San Francisco , CA",3 years ago
1630,5,Laval,3 years ago
1631,5,"Fort smith, AR",3 years ago
1632,3,"Mason, OH",3 years ago
1633,5,"Olathe, KS",3 years ago
1634,5,"Wallington , NJ",3 years ago
1635,5,"Albrightsvlle, PA",3 years ago
1636,5,Rolling Prairie,3 years ago
1637,3,"Pickering, ON",3 years ago
1638,5,"Oceanside , NY",3 years ago
1639,5,"San Francisco , CA",3 years ago
1640,5,"Fayetteville, NC",3 years ago
1641,5,maple,3 years ago
1642,5,Florida,3 years ago
1643,5,"Las Vegas, NV",3 years ago
1644,5,franc,3 years ago
1645,1,texas,3 years ago
1646,5,Powell Ohio,3 years ago
1647,5,"New Rochelle, NY",3 years ago
1648,5,Dallas Texas,3 years ago
1649,5,"Dallas, Texas",3 years ago
1650,5,Canada,4 years ago
1651,3,USA,4 years ago
1652,5,USA,4 years ago
1653,5,USA,4 years ago
1654,4,USA,4 years ago
1655,5,USA,4 years ago
1656,4,USA,4 years ago
1657,5,USA,4 years ago
1658,5,USA,4 years ago
1659,5,USA,4 years ago
1660,3,USA,4 years ago
1661,5,USA,4 years ago
1662,5,USA,4 years ago
1663,5,Canada,4 years ago
1664,5,USA,4 years ago
1665,5,USA,4 years ago
1666,5,USA,4 years ago
1667,5,USA,4 years ago
1668,5,USA,4 years ago
1669,5,USA,4 years ago
1670,5,Canada,4 years ago
1671,5,USA,4 years ago
1672,3,USA,4 years ago
1673,3,USA,4 years ago
1674,5,Trinidad and Tobago,4 years ago
1675,5,USA,4 years ago
1676,5,USA,4 years ago
1677,5,USA,4 years ago
1678,5,USA,4 years ago
1679,3,USA,4 years ago
1680,5,Canada,4 years ago
1681,5,USA,4 years ago
1682,3,USA,4 years ago
1683,3,USA,4 years ago
1684,5,Trinidad and Tobago,4 years ago
1685,5,USA,4 years ago
1686,5,USA,4 years ago
1687,5,USA,4 years ago
1688,5,USA,4 years ago
1689,3,USA,4 years ago
1690,5,USA,4 years ago
1691,5,USA,4 years ago
1692,3,USA,4 years ago
1693,5,USA,4 years ago
1694,4,Venezuela,4 years ago
1695,5,USA,4 years ago
1696,4,USA,4 years ago
1697,5,USA,4 years ago
1698,4,USA,4 years ago
1699,5,USA,4 years ago
1700,5,Canada,4 years ago
1701,5,USA,4 years ago
1702,5,USA,4 years ago
1703,3,USA,4 years ago
1704,5,USA,4 years ago
1705,5,USA,4 years ago
1706,4,USA,4 years ago
1707,4,USA,4 years ago
1708,5,USA,4 years ago
1709,5,Lebanon,4 years ago
1710,5,Canada,4 years ago
1711,5,USA,4 years ago
1712,5,USA,4 years ago
1713,3,USA,4 years ago
1714,5,USA,4 years ago
1715,5,USA,4 years ago
1716,4,USA,4 years ago
1717,4,USA,4 years ago
1718,5,USA,4 years ago
1719,5,Lebanon,4 years ago
1720,5,USA,4 years ago
1721,5,Canada,4 years ago
1722,4,USA,4 years ago
1723,4,USA,4 years ago
1724,5,USA,4 years ago
1725,5,Australia,4 years ago
1726,5,USA,4 years ago
1727,4,USA,4 years ago
1728,5,USA,4 years ago
1729,5,USA,4 years ago
1730,5,USA,4 years ago
1731,5,USA,4 years ago
1732,2,USA,4 years ago
1733,5,USA,4 years ago
1734,5,USA,4 years ago
1735,5,USA,4 years ago
1736,3,USA,4 years ago
1737,5,USA,4 years ago
1738,4,USA,4 years ago
1739,4,USA,4 years ago
1740,5,USA,4 years ago
1741,5,USA,4 years ago
1742,2,USA,4 years ago
1743,5,USA,4 years ago
1744,5,USA,4 years ago
1745,5,USA,4 years ago
1746,3,USA,4 years ago
1747,5,USA,4 years ago
1748,4,USA,4 years ago
1749,4,USA,4 years ago
1750,5,Canada,4 years ago
1751,4,USA,4 years ago
1752,5,USA,4 years ago
1753,5,USA,4 years ago
1754,5,USA,4 years ago
1755,3,USA,4 years ago
1756,5,USA,4 years ago
1757,5,Canada,4 years ago
1758,4,USA,4 years ago
1759,5,USA,4 years ago
1760,5,USA,4 years ago
1761,5,USA,4 years ago
1762,5,USA,4 years ago
1763,5,USA,4 years ago
1764,5,USA,4 years ago
1765,4,Dominican Republic,4 years ago
1766,5,USA,4 years ago
1767,4,USA,4 years ago
1768,5,USA,4 years ago
1769,5,USA,4 years ago
1770,5,USA,4 years ago
1771,5,USA,4 years ago
1772,5,USA,4 years ago
1773,5,USA,4 years ago
1774,5,USA,4 years ago
1775,4,Dominican Republic,4 years ago
1776,5,USA,4 years ago
1777,4,USA,4 years ago
1778,5,USA,4 years ago
1779,5,USA,4 years ago
1780,5,USA,4 years ago
1781,5,USA,4 years ago
1782,5,USA,4 years ago
1783,5,USA,4 years ago
1784,3,USA,4 years ago
1785,5,USA,4 years ago
1786,2,USA,4 years ago
1787,5,USA,4 years ago
1788,5,Canada,4 years ago
1789,4,USA,4 years ago
1790,4,Sweden,4 years ago
1791,5,USA,4 years ago
1792,5,USA,4 years ago
1793,5,USA,4 years ago
1794,5,USA,4 years ago
1795,5,USA,4 years ago
1796,5,USA,4 years ago
1797,4,USA,4 years ago
1798,5,Canada,4 years ago
1799,5,USA,4 years ago
1800,5,USA,4 years ago
1801,5,Canada,4 years ago
1802,5,USA,4 years ago
1803,3,USA,4 years ago
1804,5,Canada,4 years ago
1805,5,United Kingdom,4 years ago
1806,5,USA,4 years ago
1807,4,USA,4 years ago
1808,5,USA,4 years ago
1809,5,USA,4 years ago
1810,5,USA,4 years ago
1811,5,USA,4 years ago
1812,5,USA,4 years ago
1813,5,USA,4 years ago
1814,5,Honduras,4 years ago
1815,5,USA,4 years ago
1816,5,Canada,4 years ago
1817,5,Canada,4 years ago
1818,5,USA,4 years ago
1819,5,USA,4 years ago
1820,5,USA,4 years ago
1821,5,USA,4 years ago
1822,5,USA,4 years ago
1823,5,USA,4 years ago
1824,5,Honduras,4 years ago
1825,5,USA,4 years ago
1826,5,Canada,4 years ago
1827,5,Canada,4 years ago
1828,5,USA,4 years ago
1829,5,USA,4 years ago
1830,5,USA,4 years ago
1831,4,USA,4 years ago
1832,5,USA,4 years ago
1833,5,Canada,4 years ago
1834,5,USA,4 years ago
1835,2,Canada,4 years ago
1836,5,Canada,4 years ago
1837,5,USA,4 years ago
1838,5,USA,4 years ago
1839,5,USA,4 years ago
1840,2,USA,4 years ago
1841,5,USA,4 years ago
1842,5,USA,4 years ago
1843,5,USA,4 years ago
1844,5,USA,4 years ago
1845,5,USA,4 years ago
1846,5,USA,4 years ago
1847,4,USA,4 years ago
1848,4,USA,4 years ago
1849,5,USA,4 years ago
1850,5,Canada,4 years ago
1851,5,USA,4 years ago
1852,5,USA,4 years ago
1853,5,USA,4 years ago
1854,5,USA,4 years ago
1855,5,USA,4 years ago
1856,5,USA,4 years ago
1857,5,USA,4 years ago
1858,4,Canada,4 years ago
1859,5,USA,4 years ago
1860,5,Canada,4 years ago
1861,5,USA,4 years ago
1862,5,USA,4 years ago
1863,5,USA,4 years ago
1864,5,USA,4 years ago
1865,5,USA,4 years ago
1866,5,USA,4 years ago
1867,5,USA,4 years ago
1868,4,Canada,4 years ago
1869,5,USA,4 years ago
1870,5,USA,4 years ago
1871,4,USA,4 years ago
1872,5,Canada,4 years ago
1873,5,USA,4 years ago
1874,5,USA,4 years ago
1875,4,USA,4 years ago
1876,5,USA,4 years ago
1877,5,USA,4 years ago
1878,5,USA,4 years ago
1879,4,USA,4 years ago
1880,5,USA,4 years ago
1881,5,USA,4 years ago
1882,5,USA,4 years ago
1883,5,USA,4 years ago
1884,4,USA,4 years ago
1885,5,USA,4 years ago
1886,2,USA,4 years ago
1887,5,USA,4 years ago
1888,5,USA,4 years ago
1889,4,USA,4 years ago
1890,5,USA,4 years ago
1891,4,USA,4 years ago
1892,5,Canada,4 years ago
1893,5,USA,4 years ago
1894,3,USA,4 years ago
1895,4,USA,4 years ago
1896,5,USA,4 years ago
1897,4,USA,4 years ago
1898,5,USA,4 years ago
1899,5,USA,4 years ago
1900,5,USA,4 years ago
1901,4,USA,4 years ago
1902,5,USA,4 years ago
1903,5,USA,4 years ago
1904,5,USA,4 years ago
1905,4,USA,4 years ago
1906,5,USA,4 years ago
1907,5,USA,4 years ago
1908,5,USA,4 years ago
1909,1,USA,4 years ago
1910,5,USA,4 years ago
1911,5,USA,4 years ago
1912,5,USA,4 years ago
1913,5,USA,4 years ago
1914,5,United Kingdom,4 years ago
1915,5,USA,4 years ago
1916,5,USA,4 years ago
1917,5,USA,4 years ago
1918,5,Canada,4 years ago
1919,5,USA,4 years ago
1920,5,USA,4 years ago
1921,5,USA,4 years ago
1922,5,USA,4 years ago
1923,5,USA,4 years ago
1924,5,United Kingdom,4 years ago
1925,5,USA,4 years ago
1926,5,USA,4 years ago
1927,5,USA,4 years ago
1928,5,Canada,4 years ago
1929,5,USA,4 years ago
1930,5,USA,4 years ago
1931,5,USA,4 years ago
1932,2,USA,4 years ago
1933,5,USA,4 years ago
1934,5,USA,4 years ago
1935,5,USA,4 years ago
1936,5,USA,4 years ago
1937,4,USA,4 years ago
1938,5,USA,4 years ago
1939,5,USA,4 years ago
1940,5,USA,4 years ago
1941,5,USA,4 years ago
1942,4,USA,4 years ago
1943,5,USA,4 years ago
1944,5,USA,4 years ago
1945,5,USA,4 years ago
1946,5,USA,4 years ago
1947,5,USA,4 years ago
1948,5,USA,4 years ago
1949,5,USA,4 years ago
1950,5,USA,4 years ago
1951,5,USA,4 years ago
1952,5,USA,4 years ago
1953,4,USA,4 years ago
1954,5,USA,4 years ago
1955,5,USA,4 years ago
1956,5,USA,4 years ago
1957,5,USA,4 years ago
1958,5,USA,4 years ago
1959,5,USA,4 years ago
1960,5,USA,4 years ago
1961,4,USA,4 years ago
1962,5,Canada,4 years ago
1963,5,USA,4 years ago
1964,5,USA,4 years ago
1965,5,USA,4 years ago
1966,5,USA,4 years ago
1967,5,USA,4 years ago
1968,5,USA,4 years ago
1969,4,USA,4 years ago
1970,5,Mexico,4 years ago
1971,4,USA,4 years ago
1972,5,USA,4 years ago
1973,5,USA,4 years ago
1974,5,USA,4 years ago
1975,3,USA,4 years ago
1976,5,USA,4 years ago
1977,4,USA,4 years ago
1978,5,USA,4 years ago
1979,5,USA,4 years ago
1980,5,USA,4 years ago
1981,5,USA,4 years ago
1982,5,USA,4 years ago
1983,5,USA,4 years ago
1984,4,USA,4 years ago
1985,5,USA,4 years ago
1986,5,USA,4 years ago
1987,5,USA,4 years ago
1988,5,USA,4 years ago
1989,5,USA,4 years ago
1990,4,USA,4 years ago
1991,5,USA,4 years ago
1992,5,USA,4 years ago
1993,5,USA,4 years ago
1994,5,USA,4 years ago
1995,4,USA,4 years ago
1996,5,USA,4 years ago
1997,5,USA,4 years ago
1998,5,USA,4 years ago
1999,5,USA,4 years ago
2000,4,USA,4 years ago
2001,5,USA,4 years ago
2002,5,USA,4 years ago
2003,5,USA,4 years ago
2004,5,USA,4 years ago
2005,4,USA,4 years ago
2006,5,USA,4 years ago
2007,5,USA,4 years ago
2008,5,USA,4 years ago
2009,5,USA,4 years ago
2010,3,USA,4 years ago
2011,4,USA,4 years ago
2012,5,USA,4 years ago
2013,5,USA,4 years ago
2014,5,USA,4 years ago
2015,5,USA,4 years ago
2016,5,USA,4 years ago
2017,4,USA,4 years ago
2018,1,USA,4 years ago
2019,2,USA,4 years ago
2020,5,USA,4 years ago
2021,5,USA,4 years ago
2022,5,USA,4 years ago
2023,5,Dominican Republic,4 years ago
2024,5,USA,4 years ago
2025,5,USA,4 years ago
2026,5,USA,4 years ago
2027,5,USA,4 years ago
2028,5,USA,4 years ago
2029,5,USA,4 years ago
2030,5,USA,4 years ago
2031,5,USA,4 years ago
2032,5,USA,4 years ago
2033,5,USA,4 years ago
2034,3,USA,4 years ago
2035,4,USA,4 years ago
2036,5,USA,4 years ago
2037,5,USA,4 years ago
2038,5,USA,4 years ago
2039,4,USA,4 years ago
2040,5,Dominican Republic,4 years ago
2041,5,USA,4 years ago
2042,5,USA,4 years ago
2043,5,USA,4 years ago
2044,5,USA,4 years ago
2045,5,USA,4 years ago
2046,5,USA,4 years ago
2047,5,USA,4 years ago
2048,4,USA,4 years ago
2049,3,USA,4 years ago
2050,4,USA,4 years ago
2051,5,USA,4 years ago
2052,5,Morocco,4 years ago
2053,5,USA,4 years ago
2054,5,USA,4 years ago
2055,5,USA,4 years ago
2056,5,USA,4 years ago
2057,3,USA,4 years ago
2058,5,USA,4 years ago
2059,5,USA,4 years ago
2060,5,USA,4 years ago
2061,4,USA,4 years ago
2062,5,USA,4 years ago
2063,4,USA,4 years ago
2064,5,USA,4 years ago
2065,5,Trinidad and Tobago,4 years ago
2066,5,USA,4 years ago
2067,5,USA,4 years ago
2068,3,USA,4 years ago
2069,5,USA,4 years ago
2070,5,Dominican Republic,4 years ago
2071,2,USA,4 years ago
2072,2,USA,4 years ago
2073,4,USA,4 years ago
2074,4,USA,4 years ago
2075,5,USA,4 years ago
2076,5,USA,4 years ago
2077,5,Canada,4 years ago
2078,4,USA,4 years ago
2079,5,USA,4 years ago
2080,5,USA,4 years ago
2081,5,USA,4 years ago
2082,4,USA,4 years ago
2083,5,Germany,4 years ago
2084,5,USA,4 years ago
2085,2,USA,4 years ago
2086,5,USA,4 years ago
2087,4,USA,4 years ago
2088,5,USA,4 years ago
2089,5,USA,4 years ago
2090,5,USA,4 years ago
2091,4,USA,4 years ago
2092,5,USA,4 years ago
2093,5,USA,4 years ago
2094,5,USA,4 years ago
2095,5,USA,4 years ago
2096,3,USA,4 years ago
2097,5,USA,4 years ago
2098,5,USA,4 years ago
2099,4,USA,4 years ago
2100,5,USA,4 years ago
2101,4,USA,4 years ago
2102,5,USA,4 years ago
2103,5,USA,4 years ago
2104,5,USA,4 years ago
2105,5,USA,4 years ago
2106,3,USA,4 years ago
2107,5,USA,4 years ago
2108,5,USA,4 years ago
2109,4,USA,4 years ago
2110,5,USA,4 years ago
2111,5,USA,4 years ago
2112,5,USA,4 years ago
2113,3,USA,4 years ago
2114,5,USA,4 years ago
2115,4,USA,4 years ago
2116,5,USA,4 years ago
2117,5,USA,4 years ago
2118,5,USA,4 years ago
2119,5,USA,4 years ago
2120,5,USA,4 years ago
2121,5,USA,4 years ago
2122,5,USA,4 years ago
2123,3,USA,4 years ago
2124,5,USA,4 years ago
2125,4,USA,4 years ago
2126,5,USA,4 years ago
2127,5,USA,4 years ago
2128,5,USA,4 years ago
2129,5,USA,4 years ago
2130,5,USA,4 years ago
2131,5,USA,4 years ago
2132,3,USA,4 years ago
2133,5,USA,4 years ago
2134,4,USA,4 years ago
2135,5,USA,4 years ago
2136,3,USA,4 years ago
2137,3,USA,4 years ago
2138,5,USA,4 years ago
2139,5,USA,4 years ago
2140,5,USA,4 years ago
2141,5,USA,4 years ago
2142,5,Canada,4 years ago
2143,5,USA,4 years ago
2144,5,USA,4 years ago
2145,1,USA,4 years ago
2146,5,USA,4 years ago
2147,5,USA,4 years ago
2148,3,USA,4 years ago
2149,5,USA,4 years ago
2150,5,Canada,4 years ago
2151,5,USA,4 years ago
2152,5,USA,4 years ago
2153,5,USA,4 years ago
2154,5,USA,4 years ago
2155,5,USA,4 years ago
2156,5,USA,4 years ago
2157,5,USA,4 years ago
2158,5,USA,4 years ago
2159,5,Canada,4 years ago
2160,5,Canada,4 years ago
2161,5,USA,4 years ago
2162,5,USA,4 years ago
2163,5,USA,4 years ago
2164,5,USA,4 years ago
2165,5,USA,4 years ago
2166,5,USA,4 years ago
2167,5,USA,4 years ago
2168,5,USA,4 years ago
2169,5,Canada,4 years ago
2170,4,USA,4 years ago
2171,4,USA,4 years ago
2172,5,USA,4 years ago
2173,5,USA,4 years ago
2174,2,Canada,4 years ago
2175,5,USA,4 years ago
2176,2,USA,4 years ago
2177,5,United Arab Emirates,4 years ago
2178,5,USA,4 years ago
2179,3,USA,4 years ago
2180,5,USA,4 years ago
2181,4,USA,4 years ago
2182,5,USA,4 years ago
2183,5,USA,4 years ago
2184,3,USA,4 years ago
2185,4,USA,4 years ago
2186,5,USA,4 years ago
2187,5,USA,4 years ago
2188,5,USA,4 years ago
2189,5,USA,4 years ago
2190,5,USA,4 years ago
2191,5,USA,4 years ago
2192,5,USA,4 years ago
2193,5,USA,4 years ago
2194,5,USA,4 years ago
2195,5,USA,4 years ago
2196,4,USA,4 years ago
2197,5,USA,4 years ago
2198,3,USA,4 years ago
2199,5,USA,4 years ago
2200,4,USA,4 years ago
2201,5,USA,4 years ago
2202,4,USA,4 years ago
2203,4,USA,4 years ago
2204,5,USA,4 years ago
2205,4,Canada,4 years ago
2206,3,USA,4 years ago
2207,5,USA,4 years ago
2208,5,USA,4 years ago
2209,3,USA,4 years ago
2210,5,USA,4 years ago
2211,5,USA,4 years ago
2212,5,USA,4 years ago
2213,5,USA,4 years ago
2214,5,USA,4 years ago
2215,5,USA,4 years ago
2216,5,USA,4 years ago
2217,4,USA,4 years ago
2218,5,USA,4 years ago
2219,5,USA,4 years ago
2220,5,USA,4 years ago
2221,5,USA,4 years ago
2222,5,Canada,4 years ago
2223,3,USA,4 years ago
2224,4,USA,4 years ago
2225,4,USA,4 years ago
2226,5,USA,4 years ago
2227,5,USA,4 years ago
2228,5,USA,4 years ago
2229,2,USA,4 years ago
2230,5,USA,4 years ago
2231,5,USA,4 years ago
2232,5,USA,4 years ago
2233,5,USA,4 years ago
2234,5,USA,4 years ago
2235,5,USA,4 years ago
2236,5,USA,4 years ago
2237,5,USA,4 years ago
2238,5,USA,4 years ago
2239,5,USA,4 years ago
2240,5,USA,4 years ago
2241,5,USA,4 years ago
2242,5,USA,4 years ago
2243,5,USA,4 years ago
2244,5,USA,4 years ago
2245,5,USA,4 years ago
2246,5,USA,4 years ago
2247,5,USA,4 years ago
2248,5,USA,4 years ago
2249,5,USA,4 years ago
2250,5,USA,4 years ago
2251,5,USA,4 years ago
2252,5,Dominican Republic,4 years ago
2253,4,Canada,4 years ago
2254,3,USA,4 years ago
2255,5,USA,4 years ago
2256,5,USA,4 years ago
2257,4,USA,4 years ago
2258,5,USA,4 years ago
2259,5,USA,4 years ago
2260,5,Algeria,4 years ago
2261,4,USA,4 years ago
2262,4,USA,4 years ago
2263,5,Canada,4 years ago
2264,5,USA,4 years ago
2265,5,USA,4 years ago
2266,5,USA,4 years ago
2267,5,USA,4 years ago
2268,4,USA,4 years ago
2269,5,USA,4 years ago
2270,5,USA,4 years ago
2271,5,USA,4 years ago
2272,3,USA,4 years ago
2273,5,USA,4 years ago
2274,4,USA,4 years ago
2275,5,USA,4 years ago
2276,5,USA,4 years ago
2277,5,USA,4 years ago
2278,5,USA,4 years ago
2279,5,USA,4 years ago
2280,5,USA,4 years ago
2281,5,USA,4 years ago
2282,3,USA,4 years ago
2283,5,USA,4 years ago
2284,4,USA,4 years ago
2285,5,USA,4 years ago
2286,5,USA,4 years ago
2287,5,USA,4 years ago
2288,5,USA,4 years ago
2289,5,USA,4 years ago
2290,5,USA,4 years ago
2291,2,USA,4 years ago
2292,5,USA,4 years ago
2293,4,USA,4 years ago
2294,2,USA,4 years ago
2295,4,USA,4 years ago
2296,5,USA,4 years ago
2297,5,USA,4 years ago
2298,5,USA,4 years ago
2299,5,USA,4 years ago
2300,5,USA,4 years ago
2301,5,USA,4 years ago
2302,3,USA,4 years ago
2303,4,USA,4 years ago
2304,5,USA,4 years ago
2305,5,USA,4 years ago
2306,5,USA,4 years ago
2307,3,Canada,4 years ago
2308,4,USA,4 years ago
2309,5,USA,4 years ago
2310,5,USA,4 years ago
2311,5,USA,4 years ago
2312,5,USA,4 years ago
2313,5,USA,4 years ago
2314,4,USA,4 years ago
2315,5,USA,4 years ago
2316,5,USA,4 years ago
2317,5,USA,4 years ago
2318,4,USA,4 years ago
2319,2,USA,4 years ago
2320,5,USA,4 years ago
2321,5,USA,4 years ago
2322,4,USA,4 years ago
2323,5,USA,4 years ago
2324,5,Canada,4 years ago
2325,4,USA,4 years ago
2326,5,USA,4 years ago
2327,5,USA,4 years ago
2328,4,USA,4 years ago
2329,3,USA,4 years ago
2330,5,USA,4 years ago
2331,5,USA,4 years ago
2332,5,USA,4 years ago
2333,5,USA,4 years ago
2334,4,USA,4 years ago
2335,4,USA,4 years ago
2336,5,USA,4 years ago
2337,5,USA,4 years ago
2338,5,USA,4 years ago
2339,2,USA,4 years ago
2340,5,USA,4 years ago
2341,5,USA,4 years ago
2342,4,USA,4 years ago
2343,5,USA,4 years ago
2344,5,Canada,4 years ago
2345,5,USA,4 years ago
2346,5,USA,4 years ago
2347,5,USA,4 years ago
2348,5,USA,4 years ago
2349,4,USA,4 years ago
2350,5,USA,4 years ago
2351,5,USA,4 years ago
2352,5,USA,4 years ago
2353,5,USA,4 years ago
2354,5,USA,4 years ago
2355,5,USA,4 years ago
2356,5,USA,4 years ago
2357,4,USA,4 years ago
2358,1,USA,4 years ago
2359,4,USA,4 years ago
2360,5,USA,4 years ago
2361,5,USA,4 years ago
2362,5,USA,4 years ago
2363,5,USA,4 years ago
2364,5,USA,4 years ago
2365,5,USA,4 years ago
2366,5,USA,4 years ago
2367,4,USA,4 years ago
2368,1,USA,4 years ago
2369,4,USA,4 years ago
2370,5,USA,4 years ago
2371,5,USA,4 years ago
2372,5,USA,4 years ago
2373,4,USA,4 years ago
2374,4,USA,4 years ago
2375,5,USA,4 years ago
2376,5,USA,4 years ago
2377,5,USA,4 years ago
2378,3,USA,4 years ago
2379,5,USA,4 years ago
2380,4,USA,4 years ago
2381,5,USA,4 years ago
2382,5,USA,4 years ago
2383,5,USA,4 years ago
2384,5,USA,4 years ago
2385,5,USA,4 years ago
2386,1,USA,4 years ago
2387,4,USA,4 years ago
2388,5,USA,4 years ago
2389,5,USA,4 years ago
2390,5,USA,4 years ago
2391,5,USA,4 years ago
2392,5,Canada,4 years ago
2393,5,USA,4 years ago
2394,5,USA,4 years ago
2395,5,USA,4 years ago
2396,4,USA,4 years ago
2397,5,USA,4 years ago
2398,5,USA,4 years ago
2399,3,USA,4 years ago
2400,5,USA,4 years ago
2401,4,USA,4 years ago
2402,5,USA,4 years ago
2403,5,USA,4 years ago
2404,4,USA,4 years ago
2405,5,United Kingdom,4 years ago
2406,5,USA,4 years ago
2407,5,USA,4 years ago
2408,5,Canada,4 years ago
2409,5,USA,4 years ago
2410,5,USA,4 years ago
2411,5,USA,4 years ago
2412,5,USA,4 years ago
2413,5,Canada,4 years ago
2414,4,USA,4 years ago
2415,4,Canada,4 years ago
2416,2,USA,4 years ago
2417,5,USA,4 years ago
2418,5,USA,4 years ago
2419,4,USA,4 years ago
2420,5,USA,4 years ago
2421,2,USA,4 years ago
2422,3,USA,4 years ago
2423,5,USA,4 years ago
2424,5,USA,4 years ago
2425,5,USA,4 years ago
2426,5,USA,4 years ago
2427,4,Canada,4 years ago
2428,5,USA,4 years ago
2429,5,USA,4 years ago
2430,1,USA,5 years ago
2431,5,USA,5 years ago
2432,4,USA,5 years ago
2433,5,USA,5 years ago
2434,5,USA,5 years ago
2435,4,USA,5 years ago
2436,5,USA,5 years ago
2437,5,USA,5 years ago
2438,4,USA,5 years ago
2439,2,USA,5 years ago
2440,5,USA,5 years ago
2441,5,USA,5 years ago
2442,5,USA,5 years ago
2443,5,USA,5 years ago
2444,5,USA,5 years ago
2445,1,USA,5 years ago
2446,1,USA,5 years ago
2447,5,USA,5 years ago
2448,4,USA,5 years ago
2449,5,USA,5 years ago
2450,5,USA,5 years ago
2451,4,USA,5 years ago
2452,5,USA,5 years ago
2453,5,USA,5 years ago
2454,5,USA,5 years ago
2455,3,USA,5 years ago
2456,5,USA,5 years ago
2457,5,USA,5 years ago
2458,4,USA,5 years ago
2459,5,USA,5 years ago
2460,5,USA,5 years ago
2461,5,USA,5 years ago
2462,5,USA,5 years ago
2463,4,USA,5 years ago
2464,5,Colombia,5 years ago
2465,5,USA,5 years ago
2466,5,USA,5 years ago
2467,5,Venezuela,5 years ago
2468,5,USA,5 years ago
2469,5,USA,5 years ago
2470,5,USA,5 years ago
2471,5,USA,5 years ago
2472,4,USA,5 years ago
2473,5,USA,5 years ago
2474,4,USA,5 years ago
2475,5,USA,5 years ago
2476,5,USA,5 years ago
2477,3,USA,5 years ago
2478,5,USA,5 years ago
2479,5,USA,5 years ago
2480,5,USA,5 years ago
2481,5,Jamaica,5 years ago
2482,5,Dominican Republic,5 years ago
2483,3,USA,5 years ago
2484,4,USA,5 years ago
2485,5,USA,5 years ago
2486,4,USA,5 years ago
2487,3,USA,5 years ago
2488,5,USA,5 years ago
2489,5,USA,5 years ago
2490,5,USA,5 years ago
2491,5,USA,5 years ago
2492,5,USA,5 years ago
2493,5,USA,5 years ago
2494,5,USA,5 years ago
2495,5,USA,5 years ago
2496,5,USA,5 years ago
2497,2,USA,5 years ago
2498,5,USA,5 years ago
2499,4,USA,5 years ago
2500,5,USA,5 years ago
2501,4,USA,5 years ago
2502,5,USA,5 years ago
2503,3,Dominican Republic,5 years ago
2504,2,USA,5 years ago
2505,5,USA,5 years ago
2506,4,USA,5 years ago
2507,5,USA,5 years ago
2508,5,USA,5 years ago
2509,5,USA,5 years ago
2510,5,USA,5 years ago
2511,4,USA,5 years ago
2512,4,USA,5 years ago
2513,5,USA,5 years ago
2514,5,USA,5 years ago
2515,4,USA,5 years ago
2516,5,USA,5 years ago
2517,5,Dominican Republic,5 years ago
2518,5,USA,5 years ago
2519,5,USA,5 years ago
2520,5,USA,5 years ago
2521,4,USA,5 years ago
2522,4,USA,5 years ago
2523,5,USA,5 years ago
2524,5,USA,5 years ago
2525,4,USA,5 years ago
2526,5,USA,5 years ago
2527,5,Dominican Republic,5 years ago
2528,5,USA,5 years ago
2529,5,USA,5 years ago
2530,4,USA,5 years ago
2531,4,USA,5 years ago
2532,5,Lebanon,5 years ago
2533,3,Dominican Republic,5 years ago
2534,5,USA,5 years ago
2535,5,USA,5 years ago
2536,4,USA,5 years ago
2537,5,Dominican Republic,5 years ago
2538,3,USA,5 years ago
2539,3,USA,5 years ago
2540,5,USA,5 years ago
2541,3,USA,5 years ago
2542,5,Panama,5 years ago
2543,4,USA,5 years ago
2544,5,Canada,5 years ago
2545,5,USA,5 years ago
2546,4,USA,5 years ago
2547,5,USA,5 years ago
2548,5,USA,5 years ago
2549,4,USA,5 years ago
2550,5,USA,5 years ago
2551,1,USA,5 years ago
2552,5,USA,5 years ago
2553,5,Canada,5 years ago
2554,5,USA,5 years ago
2555,4,USA,5 years ago
2556,4,USA,5 years ago
2557,4,USA,5 years ago
2558,3,USA,5 years ago
2559,5,USA,5 years ago
2560,5,USA,5 years ago
2561,5,USA,5 years ago
2562,5,USA,5 years ago
2563,5,USA,5 years ago
2564,2,USA,5 years ago
2565,4,USA,5 years ago
2566,5,USA,5 years ago
2567,4,USA,5 years ago
2568,5,USA,5 years ago
2569,5,USA,5 years ago
2570,3,USA,5 years ago
2571,5,USA,5 years ago
2572,5,USA,5 years ago
2573,5,Mexico,5 years ago
2574,5,USA,5 years ago
2575,4,Brazil,5 years ago
2576,5,USA,5 years ago
2577,5,USA,5 years ago
2578,5,India,5 years ago
2579,5,USA,5 years ago
2580,5,Canada,5 years ago
2581,4,USA,5 years ago
2582,4,USA,5 years ago
2583,4,Venezuela,5 years ago
2584,5,USA,5 years ago
2585,5,USA,5 years ago
2586,5,USA,5 years ago
2587,4,USA,5 years ago
2588,5,USA,5 years ago
2589,3,USA,5 years ago
2590,3,USA,5 years ago
2591,5,Canada,5 years ago
2592,5,USA,5 years ago
2593,5,USA,5 years ago
2594,5,USA,5 years ago
2595,4,USA,5 years ago
2596,5,USA,5 years ago
2597,5,Dominican Republic,5 years ago
2598,5,USA,5 years ago
2599,5,USA,5 years ago
2600,3,USA,5 years ago
2601,5,Canada,5 years ago
2602,5,USA,5 years ago
2603,5,USA,5 years ago
2604,5,USA,5 years ago
2605,4,USA,5 years ago
2606,5,USA,5 years ago
2607,5,Dominican Republic,5 years ago
2608,5,USA,5 years ago
2609,5,USA,5 years ago
2610,4,USA,5 years ago
2611,5,USA,5 years ago
2612,5,USA,5 years ago
2613,5,USA,5 years ago
2614,5,USA,5 years ago
2615,5,Canada,5 years ago
2616,5,USA,5 years ago
2617,5,USA,5 years ago
2618,5,USA,5 years ago
2619,5,USA,5 years ago
2620,5,USA,5 years ago
2621,5,USA,5 years ago
2622,5,USA,5 years ago
2623,5,Dominican Republic,5 years ago
2624,5,Georgia,5 years ago
2625,5,USA,5 years ago
2626,5,USA,5 years ago
2627,4,USA,5 years ago
2628,4,USA,5 years ago
2629,5,USA,5 years ago
2630,5,USA,5 years ago
2631,5,USA,5 years ago
2632,5,USA,5 years ago
2633,5,Dominican Republic,5 years ago
2634,5,Georgia,5 years ago
2635,5,USA,5 years ago
2636,5,USA,5 years ago
2637,4,USA,5 years ago
2638,4,USA,5 years ago
2639,5,USA,5 years ago
2640,5,USA,5 years ago
2641,5,USA,5 years ago
2642,5,USA,5 years ago
2643,5,USA,5 years ago
2644,5,USA,5 years ago
2645,5,USA,5 years ago
2646,5,USA,5 years ago
2647,4,USA,5 years ago
2648,5,USA,5 years ago
2649,4,USA,5 years ago
2650,1,USA,5 years ago
2651,4,USA,5 years ago
2652,2,USA,5 years ago
2653,5,USA,5 years ago
2654,5,USA,5 years ago
2655,5,USA,5 years ago
2656,5,USA,5 years ago
2657,5,USA,5 years ago
2658,4,USA,5 years ago
2659,5,USA,5 years ago
2660,1,USA,5 years ago
2661,4,USA,5 years ago
2662,2,USA,5 years ago
2663,5,USA,5 years ago
2664,5,USA,5 years ago
2665,5,USA,5 years ago
2666,5,USA,5 years ago
2667,5,USA,5 years ago
2668,4,USA,5 years ago
2669,5,USA,5 years ago
2670,5,USA,5 years ago
2671,5,USA,5 years ago
2672,5,USA,5 years ago
2673,5,USA,5 years ago
2674,5,USA,5 years ago
2675,4,USA,5 years ago
2676,5,USA,5 years ago
2677,5,Venezuela,5 years ago
2678,5,USA,5 years ago
2679,5,USA,5 years ago
2680,5,USA,5 years ago
2681,2,USA,5 years ago
2682,5,USA,5 years ago
2683,4,USA,5 years ago
2684,5,USA,5 years ago
2685,5,USA,5 years ago
2686,5,USA,5 years ago
2687,5,USA,5 years ago
2688,5,USA,5 years ago
2689,5,USA,5 years ago
2690,4,USA,5 years ago
2691,4,USA,5 years ago
2692,5,USA,5 years ago
2693,2,USA,5 years ago
2694,3,USA,5 years ago
2695,5,USA,5 years ago
2696,5,USA,5 years ago
2697,5,USA,5 years ago
2698,5,USA,5 years ago
2699,5,USA,5 years ago
2700,5,USA,5 years ago
2701,5,USA,5 years ago
2702,2,USA,5 years ago
2703,5,USA,5 years ago
2704,5,USA,5 years ago
2705,5,USA,5 years ago
2706,5,USA,5 years ago
2707,5,USA,5 years ago
2708,5,USA,5 years ago
2709,5,USA,5 years ago
2710,5,USA,5 years ago
2711,4,USA,5 years ago
2712,2,USA,5 years ago
2713,4,USA,5 years ago
2714,2,USA,5 years ago
2715,5,USA,5 years ago
2716,2,Canada,5 years ago
2717,5,USA,5 years ago
2718,5,USA,5 years ago
2719,5,USA,5 years ago
2720,5,USA,5 years ago
2721,4,USA,5 years ago
2722,5,USA,5 years ago
2723,5,USA,5 years ago
2724,5,USA,5 years ago
2725,5,USA,5 years ago
2726,5,USA,5 years ago
2727,5,USA,5 years ago
2728,5,USA,5 years ago
2729,5,USA,5 years ago
2730,5,USA,5 years ago
2731,5,Canada,5 years ago
2732,5,Puerto Rico,5 years ago
2733,3,USA,5 years ago
2734,5,USA,5 years ago
2735,5,USA,5 years ago
2736,4,USA,5 years ago
2737,5,USA,5 years ago
2738,5,USA,5 years ago
2739,5,USA,5 years ago
2740,5,USA,5 years ago
2741,4,USA,5 years ago
2742,4,USA,5 years ago
2743,5,USA,5 years ago
2744,5,USA,5 years ago
2745,4,USA,5 years ago
2746,5,USA,5 years ago
2747,4,USA,5 years ago
2748,5,USA,5 years ago
2749,5,USA,5 years ago
2750,5,USA,5 years ago
2751,5,USA,5 years ago
2752,5,USA,5 years ago
2753,4,USA,5 years ago
2754,5,USA,5 years ago
2755,5,USA,5 years ago
2756,5,USA,5 years ago
2757,5,USA,5 years ago
2758,5,USA,5 years ago
2759,5,USA,5 years ago
2760,4,USA,5 years ago
2761,4,USA,5 years ago
2762,5,USA,5 years ago
2763,5,USA,5 years ago
2764,5,USA,5 years ago
2765,5,USA,5 years ago
2766,5,USA,5 years ago
2767,4,USA,5 years ago
2768,3,USA,5 years ago
2769,5,USA,5 years ago
2770,5,USA,5 years ago
2771,4,USA,5 years ago
2772,4,USA,5 years ago
2773,4,USA,5 years ago
2774,5,USA,5 years ago
2775,4,USA,5 years ago
2776,5,USA,5 years ago
2777,5,USA,5 years ago
2778,5,USA,5 years ago
2779,1,Canada,5 years ago
2780,5,United Kingdom,5 years ago
2781,3,USA,5 years ago
2782,5,USA,5 years ago
2783,5,USA,5 years ago
2784,5,USA,5 years ago
2785,5,USA,5 years ago
2786,5,USA,5 years ago
2787,5,USA,5 years ago
2788,5,USA,5 years ago
2789,5,USA,5 years ago
2790,5,USA,5 years ago
2791,5,Canada,5 years ago
2792,3,USA,5 years ago
2793,5,USA,5 years ago
2794,5,USA,5 years ago
2795,5,USA,5 years ago
2796,3,USA,5 years ago
2797,4,USA,5 years ago
2798,4,USA,5 years ago
2799,5,USA,5 years ago
2800,5,USA,5 years ago
2801,2,USA,5 years ago
2802,5,USA,5 years ago
2803,2,USA,5 years ago
2804,5,USA,5 years ago
2805,5,USA,5 years ago
2806,5,USA,5 years ago
2807,5,USA,5 years ago
2808,5,USA,5 years ago
2809,5,USA,5 years ago
2810,5,USA,5 years ago
2811,5,USA,5 years ago
2812,2,USA,5 years ago
2813,5,Canada,5 years ago
2814,4,Egypt,5 years ago
2815,5,USA,5 years ago
2816,5,USA,5 years ago
2817,5,USA,5 years ago
2818,4,USA,5 years ago
2819,5,USA,5 years ago
2820,4,USA,5 years ago
2821,5,USA,5 years ago
2822,5,USA,5 years ago
2823,5,USA,5 years ago
2824,4,USA,5 years ago
2825,5,USA,5 years ago
2826,4,USA,5 years ago
2827,4,USA,5 years ago
2828,5,USA,5 years ago
2829,5,USA,5 years ago
2830,5,USA,5 years ago
2831,1,USA,5 years ago
2832,5,USA,5 years ago
2833,2,USA,5 years ago
2834,3,USA,5 years ago
2835,5,USA,5 years ago
2836,5,USA,5 years ago
2837,5,USA,5 years ago
2838,5,USA,5 years ago
2839,4,USA,5 years ago
2840,5,USA,5 years ago
2841,5,USA,5 years ago
2842,5,USA,5 years ago
2843,5,USA,5 years ago
2844,5,Canada,5 years ago
2845,4,USA,5 years ago
2846,5,USA,5 years ago
2847,5,USA,5 years ago
2848,5,USA,5 years ago
2849,5,USA,5 years ago
2850,5,USA,5 years ago
2851,5,USA,5 years ago
2852,5,USA,5 years ago
2853,5,USA,5 years ago
2854,5,Canada,5 years ago
2855,4,USA,5 years ago
2856,5,USA,5 years ago
2857,5,USA,5 years ago
2858,5,USA,5 years ago
2859,5,USA,5 years ago
2860,5,USA,6 years ago
2861,5,USA,6 years ago
2862,5,USA,6 years ago
2863,5,USA,6 years ago
2864,5,USA,6 years ago
2865,5,USA,6 years ago
2866,5,USA,6 years ago
2867,5,USA,6 years ago
2868,5,USA,6 years ago
2869,5,USA,6 years ago
2870,5,USA,6 years ago
2871,5,USA,6 years ago
2872,5,USA,6 years ago
2873,5,USA,6 years ago
2874,5,USA,6 years ago
2875,5,USA,6 years ago
2876,5,USA,6 years ago
2877,5,USA,6 years ago
2878,5,USA,6 years ago
2879,5,USA,6 years ago
2880,3,USA,6 years ago
2881,4,USA,6 years ago
2882,5,USA,6 years ago
2883,5,USA,6 years ago
2884,5,USA,6 years ago
2885,2,USA,6 years ago
2886,2,USA,6 years ago
2887,2,USA,6 years ago
2888,4,USA,6 years ago
2889,5,USA,6 years ago
2890,5,USA,6 years ago
2891,5,USA,6 years ago
2892,5,USA,6 years ago
2893,4,USA,6 years ago
2894,4,USA,6 years ago
2895,4,USA,6 years ago
2896,5,USA,6 years ago
2897,5,USA,6 years ago
2898,5,USA,6 years ago
2899,4,USA,6 years ago
2900,5,USA,6 years ago
2901,5,USA,6 years ago
2902,5,USA,6 years ago
2903,4,USA,6 years ago
2904,4,USA,6 years ago
2905,4,USA,6 years ago
2906,5,USA,6 years ago
2907,5,USA,6 years ago
2908,4,USA,6 years ago
2909,5,USA,6 years ago
2910,5,USA,6 years ago
2911,3,USA,6 years ago
2912,5,USA,6 years ago
2913,5,USA,6 years ago
2914,5,USA,6 years ago
2915,5,USA,6 years ago
2916,5,USA,6 years ago
2917,4,USA,6 years ago
2918,5,USA,6 years ago
2919,5,USA,6 years ago
2920,5,USA,6 years ago
2921,5,USA,6 years ago
2922,5,USA,6 years ago
2923,5,USA,6 years ago
2924,5,USA,6 years ago
2925,5,USA,6 years ago
2926,5,USA,6 years ago
2927,4,USA,6 years ago
2928,5,USA,6 years ago
2929,4,USA,6 years ago
2930,4,USA,6 years ago
2931,5,USA,6 years ago
2932,5,USA,6 years ago
2933,5,Canada,6 years ago
2934,5,USA,6 years ago
2935,5,USA,6 years ago
2936,5,USA,6 years ago
2937,5,USA,6 years ago
2938,5,USA,6 years ago
2939,2,USA,6 years ago
2940,5,USA,6 years ago
2941,5,USA,6 years ago
2942,5,USA,6 years ago
2943,5,USA,6 years ago
2944,5,USA,6 years ago
2945,4,USA,6 years ago
2946,5,USA,6 years ago
2947,5,USA,6 years ago
2948,5,USA,6 years ago
2949,5,USA,6 years ago
2950,5,USA,6 years ago
2951,5,USA,6 years ago
2952,5,USA,6 years ago
2953,5,USA,6 years ago
2954,5,USA,6 years ago
2955,5,USA,6 years ago
2956,3,USA,6 years ago
2957,4,USA,6 years ago
2958,5,USA,6 years ago
2959,5,USA,6 years ago
2960,5,USA,6 years ago
2961,5,USA,6 years ago
2962,4,USA,6 years ago
2963,5,USA,6 years ago
2964,5,USA,6 years ago
2965,1,USA,6 years ago
2966,1,USA,6 years ago
2967,2,USA,6 years ago
2968,4,USA,6 years ago
2969,5,USA,6 years ago
2970,3,USA,6 years ago
2971,3,USA,6 years ago
2972,2,USA,6 years ago
2973,2,USA,6 years ago
2974,5,USA,6 years ago
2975,5,USA,6 years ago
2976,4,USA,6 years ago
2977,5,USA,6 years ago
2978,5,USA,6 years ago
2979,2,USA,6 years ago
2980,2,USA,6 years ago
2981,3,USA,6 years ago
2982,4,USA,6 years ago
2983,5,USA,6 years ago
2984,4,USA,6 years ago
2985,5,USA,6 years ago
2986,5,USA,6 years ago
2987,5,USA,6 years ago
2988,4,USA,6 years ago
2989,4,USA,6 years ago
2990,3,USA,6 years ago
2991,5,USA,6 years ago
2992,5,Canada,6 years ago
2993,5,USA,6 years ago
2994,2,USA,6 years ago
2995,5,USA,6 years ago
2996,5,USA,6 years ago
2997,3,USA,6 years ago
2998,3,USA,6 years ago
2999,1,USA,6 years ago
3000,5,Canada,6 years ago
3001,5,USA,6 years ago
3002,5,USA,6 years ago
3003,4,USA,6 years ago
3004,5,USA,6 years ago
3005,1,USA,6 years ago
3006,5,USA,6 years ago
3007,2,USA,6 years ago
3008,5,USA,6 years ago
3009,5,USA,6 years ago
3010,4,USA,6 years ago
3011,4,USA,7 years ago
3012,5,USA,7 years ago
3013,5,USA,7 years ago
3014,5,USA,7 years ago
3015,5,USA,7 years ago
3016,5,USA,7 years ago
3017,5,USA,7 years ago
3018,4,USA,7 years ago
3019,5,USA,7 years ago
3020,3,USA,7 years ago
3021,4,USA,7 years ago
3022,3,USA,7 years ago
3023,2,USA,7 years ago
3024,5,USA,7 years ago
3025,5,USA,7 years ago
3026,5,USA,7 years ago
3027,5,USA,7 years ago
3028,5,USA,7 years ago
3029,3,USA,7 years ago
3030,4,USA,7 years ago
3031,4,USA,7 years ago
3032,4,USA,7 years ago
3033,4,USA,7 years ago
3034,4,USA,7 years ago
3035,2,USA,7 years ago
3036,2,USA,8 years ago
3037,5,USA,8 years ago
3038,5,USA,8 years ago
3039,5,USA,8 years ago
3040,5,USA,8 years ago
3041,5,USA,8 years ago
3042,5,USA,8 years ago
3043,5,USA,8 years ago
3044,4,USA,9 years ago
3045,4,USA,9 years ago
